id,origin,protocol,seed,n,correct,accuracy,f1_macro,ci95_lo,ci95_hi,ci_method,bootstrap_resamples,auc_macro_ovr,selected_stage,selection,best_validation_accuracy,training_seconds,tensorflow,pretrained_sha256,split_sha256,preprocessing,bootstrap_seed
imagenet_adapted_seed42,imagenet,adapted,42,678,666,98.23008849557522,98.2698999367136,97.1976401179941,99.1150442477876,class_stratified_bootstrap,1000,99.86503489770496,fine_tune,validation accuracy; best across both stages; ties prefer head,0.9896907210350036,1522.337341785431,2.19.0,66c8b43daff3fcc15bc4f30e3d2a167e21a14d9c9598a5394e5516471f4af504,c84add0150f6d8caefd33d8875238f194df158c78cf3a5a8a0501dc3b5cc6055,keras_resnet50_caffe,42
imagenet_adapted_seed43,imagenet,adapted,43,678,666,98.23008849557522,98.3336659998827,97.05014749262536,99.1150442477876,class_stratified_bootstrap,1000,99.91506758193763,fine_tune,validation accuracy; best across both stages; ties prefer head,0.9885452389717102,1605.5404300689695,2.19.0,66c8b43daff3fcc15bc4f30e3d2a167e21a14d9c9598a5394e5516471f4af504,c84add0150f6d8caefd33d8875238f194df158c78cf3a5a8a0501dc3b5cc6055,keras_resnet50_caffe,42
imagenet_adapted_seed44,imagenet,adapted,44,678,673,99.26253687315634,99.2715658011326,98.52507374631269,99.85250737463129,class_stratified_bootstrap,1000,99.95196340078051,fine_tune,validation accuracy; best across both stages; ties prefer head,0.9977090358734132,2009.1065757274628,2.19.0,66c8b43daff3fcc15bc4f30e3d2a167e21a14d9c9598a5394e5516471f4af504,c84add0150f6d8caefd33d8875238f194df158c78cf3a5a8a0501dc3b5cc6055,keras_resnet50_caffe,42
imagenet_uniform_seed42,imagenet,uniform,42,678,659,97.1976401179941,97.29422805466363,95.87020648967552,98.37758112094396,class_stratified_bootstrap,1000,99.71547054834468,fine_tune,validation accuracy; best across both stages; ties prefer head,0.978235960006714,754.3082926273346,2.19.0,66c8b43daff3fcc15bc4f30e3d2a167e21a14d9c9598a5394e5516471f4af504,c84add0150f6d8caefd33d8875238f194df158c78cf3a5a8a0501dc3b5cc6055,keras_resnet50_caffe,42
imagenet_uniform_seed43,imagenet,uniform,43,678,663,97.78761061946902,97.86934761516729,96.60398230088497,98.82005899705014,class_stratified_bootstrap,1000,99.84980453054467,fine_tune,validation accuracy; best across both stages; ties prefer head,0.9805269241333008,731.4150137901306,2.19.0,66c8b43daff3fcc15bc4f30e3d2a167e21a14d9c9598a5394e5516471f4af504,c84add0150f6d8caefd33d8875238f194df158c78cf3a5a8a0501dc3b5cc6055,keras_resnet50_caffe,42
imagenet_uniform_seed44,imagenet,uniform,44,678,662,97.6401179941003,97.73880979936618,96.3126843657817,98.6725663716814,class_stratified_bootstrap,1000,99.8340385629215,fine_tune,validation accuracy; best across both stages; ties prefer head,0.9793814420700072,863.752069234848,2.19.0,66c8b43daff3fcc15bc4f30e3d2a167e21a14d9c9598a5394e5516471f4af504,c84add0150f6d8caefd33d8875238f194df158c78cf3a5a8a0501dc3b5cc6055,keras_resnet50_caffe,42
radimagenet_adapted_seed42,radimagenet,adapted,42,678,669,98.6725663716814,98.6832619237658,97.78761061946902,99.41002949852508,class_stratified_bootstrap,1000,99.75587786514345,fine_tune,validation accuracy; best across both stages; ties prefer head,0.9873997569084167,1763.5287554264069,2.19.0,1f1d1c9fe6ab6980daa5e528145fe0db249c55415f8b3e1f3e3b1624d184f159,c84add0150f6d8caefd33d8875238f194df158c78cf3a5a8a0501dc3b5cc6055,official_example_caffe_then_div255,42
radimagenet_adapted_seed43,radimagenet,adapted,43,678,666,98.23008849557522,98.30836632159662,97.1976401179941,99.1150442477876,class_stratified_bootstrap,1000,99.82318715089112,fine_tune,validation accuracy; best across both stages; ties prefer head,0.9873997569084167,18098.90335345268,2.19.0,1f1d1c9fe6ab6980daa5e528145fe0db249c55415f8b3e1f3e3b1624d184f159,c84add0150f6d8caefd33d8875238f194df158c78cf3a5a8a0501dc3b5cc6055,official_example_caffe_then_div255,42
radimagenet_adapted_seed44,radimagenet,adapted,44,678,667,98.37758112094396,98.42933889028674,97.34513274336284,99.26253687315634,class_stratified_bootstrap,1000,99.81876361856872,fine_tune,validation accuracy; best across both stages; ties prefer head,0.9896907210350036,1718.5514559745789,2.19.0,1f1d1c9fe6ab6980daa5e528145fe0db249c55415f8b3e1f3e3b1624d184f159,c84add0150f6d8caefd33d8875238f194df158c78cf3a5a8a0501dc3b5cc6055,official_example_caffe_then_div255,42
radimagenet_uniform_seed42,radimagenet,uniform,42,678,585,86.28318584070797,86.60732253964724,83.77581120943954,88.64306784660766,class_stratified_bootstrap,1000,97.33934511684431,fine_tune,validation accuracy; best across both stages; ties prefer head,0.902634620666504,783.0736014842987,2.19.0,1f1d1c9fe6ab6980daa5e528145fe0db249c55415f8b3e1f3e3b1624d184f159,c84add0150f6d8caefd33d8875238f194df158c78cf3a5a8a0501dc3b5cc6055,official_example_caffe_then_div255,42
radimagenet_uniform_seed43,radimagenet,uniform,43,678,591,87.16814159292035,87.61224506551345,84.80825958702066,89.38053097345133,class_stratified_bootstrap,1000,98.00028310458468,head,validation accuracy; best across both stages; ties prefer head,0.9140893220901488,748.8481061458588,2.19.0,1f1d1c9fe6ab6980daa5e528145fe0db249c55415f8b3e1f3e3b1624d184f159,c84add0150f6d8caefd33d8875238f194df158c78cf3a5a8a0501dc3b5cc6055,official_example_caffe_then_div255,42
radimagenet_uniform_seed44,radimagenet,uniform,44,678,574,84.66076696165192,85.09725971173926,82.00589970501476,87.02064896755162,class_stratified_bootstrap,1000,97.635509421176,head,validation accuracy; best across both stages; ties prefer head,0.907216489315033,883.3516318798065,2.19.0,1f1d1c9fe6ab6980daa5e528145fe0db249c55415f8b3e1f3e3b1624d184f159,c84add0150f6d8caefd33d8875238f194df158c78cf3a5a8a0501dc3b5cc6055,official_example_caffe_then_div255,42
