filename,y_true,y_pred,p_glioma,p_meningioma,p_no_tumor,p_pituitary
brisc2025_test_00001_gl_ax_t1.jpg,0,0,0.905324,0.05756499,3.2365024e-05,0.03707868
brisc2025_test_00002_gl_ax_t1.jpg,0,0,0.65492547,0.041565336,0.00042887795,0.30308038
brisc2025_test_00003_gl_ax_t1.jpg,0,0,0.9997002,0.00028459934,2.4792912e-06,1.2749797e-05
brisc2025_test_00004_gl_ax_t1.jpg,0,1,0.25705937,0.6067044,0.035842426,0.10039385
brisc2025_test_00005_gl_ax_t1.jpg,0,0,0.81881225,0.12097998,0.00027887855,0.059928868
brisc2025_test_00006_gl_ax_t1.jpg,0,0,0.55006653,0.44963765,6.0900107e-05,0.00023490307
brisc2025_test_00007_gl_ax_t1.jpg,0,0,0.9986286,3.5203066e-05,3.6053004e-07,0.0013358182
brisc2025_test_00008_gl_ax_t1.jpg,0,0,0.9999932,5.310009e-06,2.0582217e-08,1.4225174e-06
brisc2025_test_00010_gl_ax_t1.jpg,0,0,0.99869174,0.00050645554,1.592663e-06,0.00080019847
brisc2025_test_00011_gl_ax_t1.jpg,0,3,0.43153712,0.07452579,0.00027541624,0.49366167
brisc2025_test_00012_gl_ax_t1.jpg,0,0,0.9976707,0.0017424553,0.00018251745,0.0004042925
brisc2025_test_00013_gl_ax_t1.jpg,0,0,0.99746335,0.0025199975,9.2114794e-07,1.575362e-05
brisc2025_test_00014_gl_ax_t1.jpg,0,0,0.9928872,0.001326897,1.5032163e-06,0.005784314
brisc2025_test_00015_gl_ax_t1.jpg,0,0,0.9902383,0.008936589,2.669158e-05,0.0007983083
brisc2025_test_00016_gl_ax_t1.jpg,0,0,0.99745613,0.0025303524,4.894797e-06,8.6577e-06
brisc2025_test_00017_gl_ax_t1.jpg,0,0,0.59713846,0.3712874,6.290477e-05,0.031511225
brisc2025_test_00018_gl_ax_t1.jpg,0,0,0.9964469,0.00024304383,1.6869417e-06,0.003308455
brisc2025_test_00019_gl_ax_t1.jpg,0,0,0.997931,0.001661846,2.715915e-05,0.0003800705
brisc2025_test_00020_gl_ax_t1.jpg,0,0,0.99959356,0.00032989055,2.3021606e-05,5.3594824e-05
brisc2025_test_00021_gl_ax_t1.jpg,0,0,0.9999298,5.325954e-05,1.9076238e-07,1.6764132e-05
brisc2025_test_00022_gl_ax_t1.jpg,0,0,0.99182534,0.0010009035,5.6400022e-05,0.0071173385
brisc2025_test_00023_gl_ax_t1.jpg,0,0,0.99919194,0.000787894,3.0731943e-07,1.9870875e-05
brisc2025_test_00024_gl_ax_t1.jpg,0,0,0.8033937,0.19390254,6.437325e-05,0.0026393903
brisc2025_test_00025_gl_ax_t1.jpg,0,0,0.9999782,1.7515607e-05,5.633606e-07,3.723833e-06
brisc2025_test_00026_gl_ax_t1.jpg,0,0,0.99965096,0.00033544117,1.1389303e-06,1.2464208e-05
brisc2025_test_00028_gl_ax_t1.jpg,0,0,0.9999118,2.7442793e-05,7.356714e-06,5.339111e-05
brisc2025_test_00029_gl_ax_t1.jpg,0,0,0.99920636,0.000727301,1.6866808e-06,6.469974e-05
brisc2025_test_00030_gl_ax_t1.jpg,0,1,0.43368796,0.565972,0.0001764761,0.00016356086
brisc2025_test_00031_gl_ax_t1.jpg,0,0,0.9995876,0.00034458513,5.0704136e-07,6.7281966e-05
brisc2025_test_00032_gl_ax_t1.jpg,0,0,0.9984434,0.0011399351,2.4556502e-05,0.00039208823
brisc2025_test_00033_gl_ax_t1.jpg,0,0,0.9993667,0.00060666085,2.365134e-06,2.4351724e-05
brisc2025_test_00034_gl_ax_t1.jpg,0,0,0.99994767,3.0208473e-06,2.8670456e-07,4.9036727e-05
brisc2025_test_00035_gl_ax_t1.jpg,0,0,0.9998367,1.0287057e-05,5.8169558e-06,0.00014722766
brisc2025_test_00038_gl_ax_t1.jpg,0,0,0.97782534,0.0017310248,5.80305e-05,0.020385616
brisc2025_test_00039_gl_ax_t1.jpg,0,0,0.9995561,0.00032324396,2.388314e-06,0.00011822538
brisc2025_test_00041_gl_ax_t1.jpg,0,0,0.9958424,0.0039678416,2.7109314e-05,0.0001626289
brisc2025_test_00042_gl_ax_t1.jpg,0,0,0.9998653,3.1707492e-05,5.8052596e-05,4.4908455e-05
brisc2025_test_00045_gl_ax_t1.jpg,0,0,0.6980692,0.22363575,0.0064220647,0.07187296
brisc2025_test_00046_gl_ax_t1.jpg,0,0,0.9967885,0.00088237395,3.7821821e-06,0.002325308
brisc2025_test_00048_gl_ax_t1.jpg,0,0,0.96501845,0.034526896,0.00016836528,0.0002862701
brisc2025_test_00049_gl_ax_t1.jpg,0,0,0.9627102,0.024297934,0.00042304906,0.012568801
brisc2025_test_00051_gl_ax_t1.jpg,0,0,0.998609,0.0007234772,3.0623607e-05,0.00063694833
brisc2025_test_00052_gl_ax_t1.jpg,0,0,0.9976156,0.0015775149,2.4605362e-05,0.00078230555
brisc2025_test_00053_gl_ax_t1.jpg,0,0,0.9976985,0.0017445363,7.2249226e-05,0.00048470966
brisc2025_test_00055_gl_ax_t1.jpg,0,3,0.3195758,0.05433541,0.00015602697,0.6259328
brisc2025_test_00057_gl_ax_t1.jpg,0,0,0.99246913,0.0021615892,2.6166123e-05,0.0053432137
brisc2025_test_00060_gl_ax_t1.jpg,0,3,0.20729613,0.22235039,0.0021626232,0.56819093
brisc2025_test_00062_gl_ax_t1.jpg,0,0,0.9984219,0.000120883036,2.4121184e-06,0.0014547769
brisc2025_test_00063_gl_ax_t1.jpg,0,0,0.9955076,0.004033513,2.1615973e-05,0.00043729227
brisc2025_test_00064_gl_ax_t1.jpg,0,0,0.9989704,0.0008389776,6.612425e-05,0.00012452914
brisc2025_test_00065_gl_ax_t1.jpg,0,0,0.99208117,0.0068981606,5.934391e-05,0.0009612916
brisc2025_test_00066_gl_ax_t1.jpg,0,0,0.99968207,0.0001395083,2.7069134e-06,0.00017575193
brisc2025_test_00070_gl_ax_t1.jpg,0,0,0.99970007,0.00028461232,8.218277e-08,1.5297626e-05
brisc2025_test_00072_gl_ax_t1.jpg,0,0,0.46617508,0.18868698,0.00044693195,0.34469095
brisc2025_test_00078_gl_ax_t1.jpg,0,1,0.4209031,0.57832325,4.403443e-06,0.0007692735
brisc2025_test_00079_gl_ax_t1.jpg,0,0,0.94242704,0.056506027,1.8421035e-06,0.0010651589
brisc2025_test_00081_gl_ax_t1.jpg,0,0,0.99701774,0.0012261907,7.742922e-05,0.0016786441
brisc2025_test_00084_gl_ax_t1.jpg,0,0,0.99979943,0.0001937208,7.114946e-08,6.834389e-06
brisc2025_test_00085_gl_ax_t1.jpg,0,0,0.99988127,8.193561e-05,3.2654314e-06,3.3536566e-05
brisc2025_test_00087_gl_co_t1.jpg,0,0,0.99637765,0.0035318267,1.8916082e-05,7.1533505e-05
brisc2025_test_00088_gl_co_t1.jpg,0,0,0.9960782,0.00089936896,0.00016058778,0.0028618095
brisc2025_test_00089_gl_co_t1.jpg,0,0,0.99910235,0.0008740326,2.698637e-07,2.3320174e-05
brisc2025_test_00090_gl_co_t1.jpg,0,0,0.99579513,0.004148792,1.245069e-06,5.4812383e-05
brisc2025_test_00091_gl_co_t1.jpg,0,0,0.9409576,0.05892247,1.0263522e-06,0.00011892549
brisc2025_test_00093_gl_co_t1.jpg,0,1,0.35782528,0.63711447,1.6495535e-05,0.005043718
brisc2025_test_00094_gl_co_t1.jpg,0,1,0.09394273,0.892357,0.0008746775,0.012825637
brisc2025_test_00095_gl_co_t1.jpg,0,1,0.014001442,0.9855445,0.00032732362,0.00012676902
brisc2025_test_00096_gl_co_t1.jpg,0,1,0.07308331,0.89121133,0.00021724521,0.03548813
brisc2025_test_00097_gl_co_t1.jpg,0,1,0.3655056,0.6279391,2.0668678e-05,0.006534622
brisc2025_test_00098_gl_co_t1.jpg,0,0,0.98230124,0.0048782597,0.00018652927,0.012634035
brisc2025_test_00099_gl_co_t1.jpg,0,1,0.27864927,0.5220925,0.064270906,0.1349873
brisc2025_test_00100_gl_co_t1.jpg,0,0,0.9978046,0.0004354953,2.164565e-05,0.0017382505
brisc2025_test_00101_gl_co_t1.jpg,0,0,0.99789643,0.0005888844,6.8751433e-06,0.0015077661
brisc2025_test_00102_gl_co_t1.jpg,0,0,0.996621,0.0033424115,3.7068475e-07,3.624361e-05
brisc2025_test_00103_gl_co_t1.jpg,0,0,0.9987287,0.0011922364,1.5942076e-05,6.314004e-05
brisc2025_test_00104_gl_co_t1.jpg,0,0,0.9940467,0.0058511742,5.930509e-06,9.6245276e-05
brisc2025_test_00105_gl_co_t1.jpg,0,0,0.99961036,0.00037096572,7.752913e-07,1.7969052e-05
brisc2025_test_00106_gl_co_t1.jpg,0,0,0.9984059,0.0007163655,1.2709657e-05,0.00086504867
brisc2025_test_00107_gl_co_t1.jpg,0,0,0.99938345,9.490376e-05,7.733654e-07,0.0005208084
brisc2025_test_00108_gl_co_t1.jpg,0,0,0.999203,0.00074500305,1.3863524e-06,5.0516264e-05
brisc2025_test_00109_gl_co_t1.jpg,0,0,0.9993079,0.00022505985,7.962782e-06,0.00045912867
brisc2025_test_00111_gl_co_t1.jpg,0,0,0.997009,0.00054297724,0.00039521747,0.0020529313
brisc2025_test_00112_gl_co_t1.jpg,0,0,0.9840374,0.0153314015,1.3018529e-05,0.00061825657
brisc2025_test_00113_gl_co_t1.jpg,0,0,0.99988174,9.003764e-05,2.138358e-06,2.6069794e-05
brisc2025_test_00114_gl_co_t1.jpg,0,0,0.95949876,0.040401097,6.323741e-06,9.375222e-05
brisc2025_test_00115_gl_co_t1.jpg,0,0,0.98950547,0.0041321423,8.30209e-05,0.006279272
brisc2025_test_00116_gl_co_t1.jpg,0,0,0.99619293,0.0031567276,0.00016733617,0.00048294384
brisc2025_test_00117_gl_co_t1.jpg,0,1,0.09694429,0.7390725,0.051605433,0.11237782
brisc2025_test_00118_gl_co_t1.jpg,0,1,0.23231421,0.4835438,0.07369045,0.21045157
brisc2025_test_00124_gl_co_t1.jpg,0,0,0.9993549,0.0006129332,5.781792e-07,3.164127e-05
brisc2025_test_00125_gl_co_t1.jpg,0,0,0.9957306,0.0037221413,3.7731937e-05,0.00050958287
brisc2025_test_00126_gl_co_t1.jpg,0,0,0.9922161,0.0036168948,3.7510516e-05,0.0041294442
brisc2025_test_00127_gl_co_t1.jpg,0,0,0.99784315,0.0020636085,1.4901566e-05,7.841016e-05
brisc2025_test_00128_gl_co_t1.jpg,0,0,0.99415886,0.0016267858,0.0006513827,0.0035629692
brisc2025_test_00129_gl_co_t1.jpg,0,0,0.9975115,0.0024473001,2.331757e-07,4.088145e-05
brisc2025_test_00130_gl_co_t1.jpg,0,0,0.9976041,0.0022844726,2.2686754e-06,0.00010913924
brisc2025_test_00131_gl_co_t1.jpg,0,0,0.989292,0.010333724,3.5625548e-05,0.00033859364
brisc2025_test_00133_gl_co_t1.jpg,0,0,0.98583394,0.014027175,2.485488e-05,0.000114064205
brisc2025_test_00134_gl_co_t1.jpg,0,0,0.9476276,0.052034132,2.6862712e-05,0.00031131308
brisc2025_test_00135_gl_co_t1.jpg,0,0,0.9671843,0.028739411,0.00022827224,0.0038480477
brisc2025_test_00136_gl_co_t1.jpg,0,0,0.9810113,0.018687652,6.751766e-05,0.00023350299
brisc2025_test_00140_gl_co_t1.jpg,0,0,0.9133479,0.073487855,0.0028323855,0.010331964
brisc2025_test_00141_gl_co_t1.jpg,0,0,0.9989802,0.0009582383,1.4306495e-06,6.0161896e-05
brisc2025_test_00142_gl_co_t1.jpg,0,0,0.7472706,0.2523174,3.4108776e-05,0.0003778835
brisc2025_test_00143_gl_co_t1.jpg,0,1,0.36431968,0.6298472,0.00026715177,0.005565954
brisc2025_test_00144_gl_co_t1.jpg,0,1,0.12473359,0.8641951,0.0004155782,0.010655694
brisc2025_test_00145_gl_co_t1.jpg,0,1,0.100146204,0.88210773,0.00015612449,0.017589899
brisc2025_test_00146_gl_co_t1.jpg,0,1,0.013078095,0.9784557,0.0007777978,0.0076883994
brisc2025_test_00147_gl_co_t1.jpg,0,0,0.69823474,0.30132112,4.533908e-05,0.0003987752
brisc2025_test_00148_gl_co_t1.jpg,0,0,0.9076748,0.09217565,5.4284073e-06,0.00014410842
brisc2025_test_00149_gl_co_t1.jpg,0,1,0.37028548,0.61752784,0.0009658138,0.011220894
brisc2025_test_00150_gl_co_t1.jpg,0,1,0.3204797,0.63858986,0.0001119871,0.04081848
brisc2025_test_00151_gl_co_t1.jpg,0,1,0.18008609,0.8128568,0.00013826472,0.0069188294
brisc2025_test_00152_gl_co_t1.jpg,0,1,0.3076126,0.69194895,4.429503e-05,0.00039408563
brisc2025_test_00153_gl_co_t1.jpg,0,0,0.6796866,0.31500843,2.6172582e-05,0.005278752
brisc2025_test_00154_gl_co_t1.jpg,0,1,0.41306522,0.5868484,2.0286854e-05,6.61438e-05
brisc2025_test_00155_gl_co_t1.jpg,0,1,0.4493897,0.5345756,0.000112795,0.01592189
brisc2025_test_00156_gl_co_t1.jpg,0,1,0.056108616,0.943554,3.5744815e-05,0.00030166985
brisc2025_test_00157_gl_co_t1.jpg,0,1,0.18758407,0.81116784,3.274243e-05,0.0012153339
brisc2025_test_00158_gl_co_t1.jpg,0,1,0.10282884,0.8758301,0.00085572794,0.02048528
brisc2025_test_00159_gl_co_t1.jpg,0,0,0.89951116,0.091356635,4.380156e-05,0.009088484
brisc2025_test_00160_gl_co_t1.jpg,0,0,0.52477086,0.4000251,0.004702921,0.070501156
brisc2025_test_00161_gl_co_t1.jpg,0,0,0.80445,0.13919583,0.00027241986,0.056081835
brisc2025_test_00162_gl_co_t1.jpg,0,0,0.7853946,0.1546322,7.5824855e-06,0.059965618
brisc2025_test_00163_gl_co_t1.jpg,0,0,0.82814807,0.16689534,0.00014750753,0.0048090536
brisc2025_test_00164_gl_co_t1.jpg,0,0,0.7057833,0.2938319,2.3096265e-05,0.0003616456
brisc2025_test_00166_gl_co_t1.jpg,0,1,0.025941294,0.97358465,6.018327e-06,0.0004680065
brisc2025_test_00167_gl_sa_t1.jpg,0,0,0.984099,0.015746528,1.184084e-06,0.00015334808
brisc2025_test_00168_gl_sa_t1.jpg,0,0,0.98448306,0.015320232,1.02854965e-05,0.00018639065
brisc2025_test_00169_gl_sa_t1.jpg,0,0,0.9187068,0.07969978,1.9197618e-05,0.0015741521
brisc2025_test_00170_gl_sa_t1.jpg,0,0,0.9421751,0.05684461,0.0005857682,0.00039458214
brisc2025_test_00171_gl_sa_t1.jpg,0,0,0.9297321,0.008859837,0.00021447873,0.061193537
brisc2025_test_00173_gl_sa_t1.jpg,0,0,0.9958468,0.004016871,1.4791904e-07,0.00013630991
brisc2025_test_00174_gl_sa_t1.jpg,0,0,0.8417494,0.115863726,6.827624e-05,0.042318624
brisc2025_test_00175_gl_sa_t1.jpg,0,0,0.65700036,0.341542,0.00078206026,0.00067560625
brisc2025_test_00176_gl_sa_t1.jpg,0,0,0.938459,0.04752145,1.4237201e-05,0.014005305
brisc2025_test_00177_gl_sa_t1.jpg,0,0,0.9971712,0.001552925,8.4459125e-06,0.0012674326
brisc2025_test_00178_gl_sa_t1.jpg,0,0,0.9887396,0.008351856,7.3411697e-06,0.0029012763
brisc2025_test_00179_gl_sa_t1.jpg,0,0,0.94545627,0.0544265,2.4732804e-05,9.2511946e-05
brisc2025_test_00180_gl_sa_t1.jpg,0,0,0.9099299,0.08838515,0.000830946,0.00085411174
brisc2025_test_00183_gl_sa_t1.jpg,0,0,0.9820592,0.0090229055,0.00043828975,0.008479647
brisc2025_test_00184_gl_sa_t1.jpg,0,0,0.620396,0.37915915,1.5816383e-06,0.0004431773
brisc2025_test_00185_gl_sa_t1.jpg,0,1,0.1382877,0.8616177,1.5698803e-06,9.3003015e-05
brisc2025_test_00187_gl_sa_t1.jpg,0,0,0.99978656,0.0002047047,3.663638e-07,8.312938e-06
brisc2025_test_00189_gl_sa_t1.jpg,0,0,0.98634815,0.01093515,6.4865026e-06,0.0027102323
brisc2025_test_00190_gl_sa_t1.jpg,0,0,0.98116094,0.018494923,5.2280157e-06,0.0003389272
brisc2025_test_00191_gl_sa_t1.jpg,0,0,0.9892953,0.004449887,0.000539632,0.005715228
brisc2025_test_00192_gl_sa_t1.jpg,0,0,0.9997845,0.00017071547,5.572354e-07,4.4241242e-05
brisc2025_test_00193_gl_sa_t1.jpg,0,0,0.9949655,0.004820421,4.3567834e-05,0.00017056975
brisc2025_test_00194_gl_sa_t1.jpg,0,0,0.9996923,0.00015425215,2.5769174e-07,0.0001532498
brisc2025_test_00196_gl_sa_t1.jpg,0,0,0.9670543,0.029701402,0.0012450276,0.0019991894
brisc2025_test_00199_gl_sa_t1.jpg,0,0,0.8378292,0.1620179,2.471333e-05,0.00012817691
brisc2025_test_00201_gl_sa_t1.jpg,0,0,0.93462324,0.064859286,2.5746062e-06,0.00051491853
brisc2025_test_00202_gl_sa_t1.jpg,0,0,0.88929063,0.06337381,0.003043667,0.044291962
brisc2025_test_00205_gl_sa_t1.jpg,0,0,0.7650614,0.2346517,6.6305e-05,0.00022066139
brisc2025_test_00206_gl_sa_t1.jpg,0,0,0.96217483,0.03661849,2.0504929e-06,0.0012046074
brisc2025_test_00207_gl_sa_t1.jpg,0,0,0.96975887,0.022938821,6.2195024e-05,0.007240198
brisc2025_test_00208_gl_sa_t1.jpg,0,0,0.7183241,0.27212158,1.8094841e-05,0.009536154
brisc2025_test_00210_gl_sa_t1.jpg,0,3,0.32306328,0.01198146,0.00020530367,0.6647499
brisc2025_test_00212_gl_sa_t1.jpg,0,0,0.99935335,0.0005578108,1.0641538e-06,8.7825334e-05
brisc2025_test_00213_gl_sa_t1.jpg,0,0,0.998659,0.0010508858,7.1556606e-08,0.00029002898
brisc2025_test_00214_gl_sa_t1.jpg,0,0,0.9940799,0.0036509226,0.00018263605,0.0020865053
brisc2025_test_00217_gl_sa_t1.jpg,0,0,0.96878886,0.026873678,0.00012738933,0.004210119
brisc2025_test_00218_gl_sa_t1.jpg,0,0,0.9176604,0.00020535266,2.1991777e-05,0.08211233
brisc2025_test_00219_gl_sa_t1.jpg,0,0,0.7151902,0.04811839,0.00079572725,0.2358957
brisc2025_test_00220_gl_sa_t1.jpg,0,0,0.98396677,0.015122386,2.8417246e-06,0.0009079477
brisc2025_test_00221_gl_sa_t1.jpg,0,0,0.9821723,0.017307876,3.6779068e-06,0.00051611755
brisc2025_test_00222_gl_sa_t1.jpg,0,0,0.9650766,0.0337714,0.0002543453,0.0008976607
brisc2025_test_00223_gl_sa_t1.jpg,0,0,0.9811528,0.0027303281,2.4542574e-05,0.016092338
brisc2025_test_00227_gl_sa_t1.jpg,0,0,0.789322,0.19045493,0.001915042,0.01830804
brisc2025_test_00228_gl_sa_t1.jpg,0,1,0.42865977,0.57030016,1.9049285e-05,0.0010209844
brisc2025_test_00229_gl_sa_t1.jpg,0,3,0.06799342,0.43317056,0.008515855,0.49032015
brisc2025_test_00230_gl_sa_t1.jpg,0,1,0.33138093,0.6665862,5.5621385e-06,0.0020272722
brisc2025_test_00231_gl_sa_t1.jpg,0,0,0.66516596,0.33251727,0.0005162833,0.0018005259
brisc2025_test_00232_gl_sa_t1.jpg,0,1,0.39107573,0.60851526,6.701779e-05,0.00034195493
brisc2025_test_00233_gl_sa_t1.jpg,0,1,0.12654622,0.8664091,7.436007e-05,0.006970243
brisc2025_test_00234_gl_sa_t1.jpg,0,1,0.11852508,0.876006,8.895803e-05,0.0053798985
brisc2025_test_00236_gl_sa_t1.jpg,0,1,0.24627586,0.75314647,1.7054457e-07,0.0005774499
brisc2025_test_00237_gl_sa_t1.jpg,0,1,0.3256359,0.66162986,0.00018102734,0.012553254
brisc2025_test_00238_gl_sa_t1.jpg,0,0,0.59439737,0.40474108,3.601295e-05,0.0008255707
brisc2025_test_00239_gl_sa_t1.jpg,0,1,0.37683615,0.61807626,0.00012465636,0.00496293
brisc2025_test_00240_gl_sa_t1.jpg,0,1,0.4225724,0.5508645,0.0016301703,0.024932846
brisc2025_test_00242_gl_sa_t1.jpg,0,0,0.9000296,0.01312046,0.00036241626,0.08648748
brisc2025_test_00244_gl_sa_t1.jpg,0,1,0.108693324,0.89036804,4.858445e-05,0.0008900301
brisc2025_test_00245_gl_sa_t1.jpg,0,1,0.05974439,0.9392028,4.5761557e-05,0.0010069589
brisc2025_test_00247_gl_sa_t1.jpg,0,1,0.16516523,0.8346441,4.367807e-06,0.00018629084
brisc2025_test_00248_gl_sa_t1.jpg,0,1,0.13439602,0.8234281,1.7843546e-05,0.04215797
brisc2025_test_00249_gl_sa_t1.jpg,0,1,0.40898824,0.54664487,0.0033589506,0.041007962
brisc2025_test_00250_gl_sa_t1.jpg,0,1,0.3983243,0.6005101,1.3890154e-05,0.0011517023
brisc2025_test_00251_gl_sa_t1.jpg,0,1,0.24939206,0.7503234,1.1938592e-06,0.00028333286
brisc2025_test_00252_gl_sa_t1.jpg,0,0,0.65507126,0.34167475,6.396615e-05,0.003190094
brisc2025_test_00253_gl_sa_t1.jpg,0,0,0.63222224,0.36562118,0.00023496411,0.0019215457
brisc2025_test_00254_gl_sa_t1.jpg,0,1,0.16060248,0.8118743,0.0004639362,0.027059332
brisc2025_test_00256_me_ax_t1.jpg,1,1,0.019255372,0.6419269,0.217807,0.12101074
brisc2025_test_00268_me_ax_t1.jpg,1,3,0.0008556593,0.30103245,0.01966527,0.6784466
brisc2025_test_00281_me_ax_t1.jpg,1,1,0.036480155,0.847969,0.11366291,0.0018878956
brisc2025_test_00285_me_ax_t1.jpg,1,1,0.07915171,0.43017098,0.18357393,0.30710328
brisc2025_test_00296_me_ax_t1.jpg,1,1,0.00013690021,0.4905628,0.48380077,0.025499502
brisc2025_test_00297_me_ax_t1.jpg,1,1,0.00012124234,0.79560626,0.18957563,0.0146968765
brisc2025_test_00319_me_ax_t1.jpg,1,1,0.021459505,0.5854463,0.011199244,0.38189498
brisc2025_test_00324_me_ax_t1.jpg,1,1,0.061933625,0.88288695,0.001971795,0.05320766
brisc2025_test_00325_me_ax_t1.jpg,1,1,0.30114505,0.59982765,8.5506654e-05,0.098941796
brisc2025_test_00327_me_ax_t1.jpg,1,1,0.0038850375,0.8119024,0.00015034941,0.18406226
brisc2025_test_00329_me_ax_t1.jpg,1,1,0.117414914,0.8280569,0.049077004,0.0054511335
brisc2025_test_00330_me_ax_t1.jpg,1,1,0.009996303,0.87108654,0.00015987238,0.11875725
brisc2025_test_00332_me_ax_t1.jpg,1,1,0.07859344,0.58704,0.0002635878,0.334103
brisc2025_test_00333_me_ax_t1.jpg,1,1,0.25448948,0.7131968,0.0017874065,0.030526249
brisc2025_test_00335_me_ax_t1.jpg,1,1,0.26056877,0.7357323,0.0027085096,0.0009904057
brisc2025_test_00337_me_ax_t1.jpg,1,1,0.044956736,0.87162304,0.0016986798,0.08172154
brisc2025_test_00340_me_ax_t1.jpg,1,1,0.013086596,0.98562324,0.0012699873,2.0128571e-05
brisc2025_test_00345_me_ax_t1.jpg,1,1,0.080032595,0.8308943,6.639873e-05,0.089006744
brisc2025_test_00346_me_ax_t1.jpg,1,1,0.06284638,0.47512847,6.9395326e-05,0.46195582
brisc2025_test_00347_me_ax_t1.jpg,1,1,0.11833051,0.8802061,5.3881966e-05,0.0014095664
brisc2025_test_00348_me_ax_t1.jpg,1,1,0.057699114,0.93597704,0.005877856,0.00044597551
brisc2025_test_00350_me_ax_t1.jpg,1,1,0.17309722,0.65494066,0.0014202017,0.17054187
brisc2025_test_00351_me_ax_t1.jpg,1,0,0.6777795,0.31788647,5.8797614e-05,0.0042751804
brisc2025_test_00355_me_ax_t1.jpg,1,0,0.7351787,0.1729568,0.018394591,0.07346993
brisc2025_test_00356_me_ax_t1.jpg,1,1,0.0010980653,0.9988992,1.6146055e-06,1.0701947e-06
brisc2025_test_00357_me_ax_t1.jpg,1,1,0.0029395726,0.52502847,0.0004895843,0.47154236
brisc2025_test_00361_me_ax_t1.jpg,1,1,0.041484177,0.9245268,0.0006261934,0.033362824
brisc2025_test_00363_me_ax_t1.jpg,1,1,0.24417241,0.7556716,3.914253e-05,0.00011675185
brisc2025_test_00364_me_ax_t1.jpg,1,1,0.2527901,0.6466009,0.0026729594,0.09793601
brisc2025_test_00365_me_ax_t1.jpg,1,3,0.000281313,0.11954534,2.7495851e-05,0.8801459
brisc2025_test_00366_me_ax_t1.jpg,1,0,0.59325016,0.38316774,0.0007501419,0.022831962
brisc2025_test_00367_me_ax_t1.jpg,1,3,0.00024733922,0.018988205,5.9768765e-05,0.9807047
brisc2025_test_00369_me_ax_t1.jpg,1,0,0.5145773,0.38885802,0.0076594036,0.08890516
brisc2025_test_00370_me_ax_t1.jpg,1,1,0.279341,0.70579886,0.0010212018,0.013838924
brisc2025_test_00373_me_ax_t1.jpg,1,1,0.007669224,0.96907884,0.0004217909,0.02283019
brisc2025_test_00374_me_ax_t1.jpg,1,1,0.009034267,0.9908764,1.0122188e-05,7.921985e-05
brisc2025_test_00375_me_ax_t1.jpg,1,1,0.0029616933,0.63984567,0.0001533511,0.35703927
brisc2025_test_00376_me_ax_t1.jpg,1,1,0.030306736,0.9618397,0.007600024,0.0002535536
brisc2025_test_00377_me_ax_t1.jpg,1,1,0.1409653,0.857851,0.0003124561,0.00087119354
brisc2025_test_00380_me_ax_t1.jpg,1,1,0.020797376,0.9142282,0.0009074688,0.0640669
brisc2025_test_00382_me_ax_t1.jpg,1,1,0.06777328,0.8005558,0.0041930103,0.12747787
brisc2025_test_00383_me_ax_t1.jpg,1,3,0.0041771512,0.2950209,0.000671336,0.7001306
brisc2025_test_00386_me_ax_t1.jpg,1,1,0.030133838,0.6377994,0.010182037,0.32188478
brisc2025_test_00387_me_ax_t1.jpg,1,1,0.036193192,0.963774,1.3732341e-05,1.9069907e-05
brisc2025_test_00390_me_ax_t1.jpg,1,1,0.22667891,0.658436,0.00015904053,0.11472612
brisc2025_test_00391_me_ax_t1.jpg,1,1,0.082520574,0.85464656,0.0004416416,0.062391255
brisc2025_test_00392_me_co_t1.jpg,1,0,0.6845663,0.25903207,0.0076946104,0.048706923
brisc2025_test_00395_me_co_t1.jpg,1,1,0.10440841,0.8478985,0.00015219642,0.047540955
brisc2025_test_00403_me_co_t1.jpg,1,0,0.87425536,0.10475592,0.007195857,0.013792848
brisc2025_test_00405_me_co_t1.jpg,1,3,0.020843387,0.36857304,0.10251908,0.50806445
brisc2025_test_00409_me_co_t1.jpg,1,1,0.01220107,0.98777974,2.4152357e-06,1.6726106e-05
brisc2025_test_00410_me_co_t1.jpg,1,1,0.35999137,0.6257838,0.0052614375,0.008963451
brisc2025_test_00411_me_co_t1.jpg,1,3,0.025349097,0.29882246,0.0035795104,0.6722489
brisc2025_test_00412_me_co_t1.jpg,1,1,0.075082414,0.78320295,0.118980885,0.022733755
brisc2025_test_00413_me_co_t1.jpg,1,3,0.032523528,0.41075653,0.04231656,0.5144034
brisc2025_test_00418_me_co_t1.jpg,1,1,0.3299388,0.622903,0.012550453,0.03460779
brisc2025_test_00422_me_co_t1.jpg,1,1,0.043898337,0.9457122,0.00021397934,0.010175458
brisc2025_test_00423_me_co_t1.jpg,1,1,0.0039532804,0.99078804,0.00030141932,0.0049572815
brisc2025_test_00424_me_co_t1.jpg,1,1,0.0061414773,0.99379,4.5156304e-07,6.8085086e-05
brisc2025_test_00425_me_co_t1.jpg,1,1,0.0050911685,0.9949049,1.185851e-07,3.757088e-06
brisc2025_test_00426_me_co_t1.jpg,1,3,0.0027151818,0.28234577,0.00022013378,0.71471894
brisc2025_test_00427_me_co_t1.jpg,1,1,0.015382409,0.98221695,0.0001282935,0.002272433
brisc2025_test_00428_me_co_t1.jpg,1,1,0.010892821,0.98171,1.3589877e-05,0.007383543
brisc2025_test_00430_me_co_t1.jpg,1,1,0.05386787,0.90825915,0.00054273667,0.037330225
brisc2025_test_00431_me_co_t1.jpg,1,1,0.004704727,0.97226197,0.00030361823,0.022729695
brisc2025_test_00432_me_co_t1.jpg,1,1,0.017299283,0.8796431,0.0036567461,0.09940091
brisc2025_test_00433_me_co_t1.jpg,1,3,0.000492235,0.0665793,0.003328544,0.9296
brisc2025_test_00434_me_co_t1.jpg,1,3,0.00036061232,0.057294685,0.00014605589,0.9421987
brisc2025_test_00436_me_co_t1.jpg,1,1,0.022780502,0.9418572,0.006939099,0.028423138
brisc2025_test_00437_me_co_t1.jpg,1,1,0.07957534,0.9129459,0.00020640428,0.007272401
brisc2025_test_00439_me_co_t1.jpg,1,1,0.047195062,0.95270777,1.27327385e-05,8.452863e-05
brisc2025_test_00440_me_co_t1.jpg,1,1,0.0045894366,0.9939268,0.0008200318,0.00066380657
brisc2025_test_00441_me_co_t1.jpg,1,1,0.0010327448,0.99864215,4.0854566e-06,0.00032101021
brisc2025_test_00442_me_co_t1.jpg,1,1,0.057292324,0.84940386,0.005544944,0.087758906
brisc2025_test_00443_me_co_t1.jpg,1,1,0.03788218,0.9613591,0.00027238962,0.0004862728
brisc2025_test_00444_me_co_t1.jpg,1,1,0.114380985,0.884879,0.00013614914,0.0006038636
brisc2025_test_00446_me_co_t1.jpg,1,1,0.024609067,0.9753617,6.7492346e-07,2.8512914e-05
brisc2025_test_00447_me_co_t1.jpg,1,1,0.009102257,0.99078757,8.316601e-06,0.00010187096
brisc2025_test_00448_me_co_t1.jpg,1,1,0.019409558,0.9433322,0.00030992148,0.03694831
brisc2025_test_00450_me_co_t1.jpg,1,1,0.0074915504,0.9924489,1.403051e-05,4.5465575e-05
brisc2025_test_00451_me_co_t1.jpg,1,1,0.091025464,0.9085819,5.8016572e-05,0.00033458872
brisc2025_test_00452_me_co_t1.jpg,1,1,0.019364834,0.9752136,0.0014887492,0.0039328285
brisc2025_test_00453_me_co_t1.jpg,1,1,0.09927332,0.9003729,1.5426606e-06,0.00035219785
brisc2025_test_00454_me_co_t1.jpg,1,1,0.15456203,0.8451391,3.62264e-05,0.00026266076
brisc2025_test_00455_me_co_t1.jpg,1,3,0.0009446293,0.120561406,0.00058889494,0.87790513
brisc2025_test_00456_me_co_t1.jpg,1,1,0.014514271,0.982274,0.00064283435,0.002568928
brisc2025_test_00458_me_co_t1.jpg,1,1,0.054740835,0.9416349,3.5483466e-05,0.003588794
brisc2025_test_00460_me_co_t1.jpg,1,1,0.06963136,0.92661065,0.00068012805,0.0030778928
brisc2025_test_00461_me_co_t1.jpg,1,1,0.04871775,0.9019225,4.5022916e-05,0.04931479
brisc2025_test_00462_me_co_t1.jpg,1,1,0.043396853,0.9208258,0.0003472059,0.035430115
brisc2025_test_00463_me_co_t1.jpg,1,1,0.047448102,0.80765665,0.00025100756,0.14464419
brisc2025_test_00464_me_co_t1.jpg,1,1,0.0767235,0.9189666,0.00036755137,0.003942367
brisc2025_test_00465_me_co_t1.jpg,1,1,0.008620356,0.9910315,0.00020403488,0.00014411159
brisc2025_test_00466_me_co_t1.jpg,1,1,0.0094862245,0.9852164,0.0020289249,0.0032685476
brisc2025_test_00467_me_co_t1.jpg,1,1,0.0013514147,0.6776628,6.915406e-05,0.32091662
brisc2025_test_00468_me_co_t1.jpg,1,1,0.034720324,0.9602139,1.350705e-05,0.005052367
brisc2025_test_00469_me_co_t1.jpg,1,1,0.027161995,0.97283363,1.4655078e-08,4.3525088e-06
brisc2025_test_00470_me_co_t1.jpg,1,1,0.03728747,0.96155876,0.00039975732,0.00075397315
brisc2025_test_00471_me_co_t1.jpg,1,1,0.005778941,0.96543616,0.0030598172,0.025725124
brisc2025_test_00473_me_co_t1.jpg,1,1,0.03989943,0.9594583,9.380348e-06,0.0006330124
brisc2025_test_00475_me_co_t1.jpg,1,1,0.029538097,0.9557089,0.0008121809,0.013940807
brisc2025_test_00476_me_co_t1.jpg,1,1,0.010417778,0.96894395,0.0007786852,0.019859523
brisc2025_test_00477_me_co_t1.jpg,1,1,0.005254117,0.99469525,3.5988796e-05,1.4655112e-05
brisc2025_test_00494_me_sa_t1.jpg,1,1,0.008458126,0.98968315,4.2948236e-06,0.0018543936
brisc2025_test_00495_me_sa_t1.jpg,1,1,0.1994355,0.80025065,6.3264466e-05,0.0002506259
brisc2025_test_00496_me_sa_t1.jpg,1,0,0.5310666,0.46562728,1.748393e-05,0.0032886437
brisc2025_test_00497_me_sa_t1.jpg,1,1,0.025824469,0.96985114,2.2721533e-05,0.0043016504
brisc2025_test_00498_me_sa_t1.jpg,1,1,0.0016763036,0.9983016,1.998221e-06,1.9986946e-05
brisc2025_test_00501_me_sa_t1.jpg,1,1,0.005080705,0.9795964,5.6745415e-07,0.015322274
brisc2025_test_00503_me_sa_t1.jpg,1,1,0.11190026,0.72345185,3.8475e-05,0.1646094
brisc2025_test_00504_me_sa_t1.jpg,1,1,0.18491526,0.814773,0.00010951448,0.00020224566
brisc2025_test_00505_me_sa_t1.jpg,1,1,0.20669934,0.7779742,0.0034800288,0.011846466
brisc2025_test_00506_me_sa_t1.jpg,1,1,0.05676724,0.8823516,9.32815e-05,0.060787894
brisc2025_test_00507_me_sa_t1.jpg,1,1,0.28473246,0.47933987,0.0012779585,0.23464966
brisc2025_test_00508_me_sa_t1.jpg,1,3,0.00051762676,0.031469233,0.00086710317,0.96714604
brisc2025_test_00509_me_sa_t1.jpg,1,1,0.30739495,0.65377134,0.00040937585,0.03842428
brisc2025_test_00511_me_sa_t1.jpg,1,1,0.043434415,0.95587367,8.8831315e-05,0.0006030825
brisc2025_test_00512_me_sa_t1.jpg,1,1,0.15116918,0.84815764,2.8054337e-06,0.000670417
brisc2025_test_00513_me_sa_t1.jpg,1,1,0.36642665,0.6151012,0.001883893,0.016588192
brisc2025_test_00514_me_sa_t1.jpg,1,1,0.00026061237,0.99871457,3.1386585e-07,0.0010245725
brisc2025_test_00515_me_sa_t1.jpg,1,1,0.09929588,0.8862218,0.0016667742,0.012815519
brisc2025_test_00516_me_sa_t1.jpg,1,1,0.022707934,0.975373,3.8374477e-05,0.0018806204
brisc2025_test_00517_me_sa_t1.jpg,1,0,0.5239702,0.45766693,0.00940146,0.008961444
brisc2025_test_00518_me_sa_t1.jpg,1,1,0.064643875,0.9167569,0.00039439806,0.018204916
brisc2025_test_00519_me_sa_t1.jpg,1,1,0.03366957,0.8831151,0.00039478685,0.082820594
brisc2025_test_00521_me_sa_t1.jpg,1,1,0.094803154,0.86416334,0.0039646085,0.03706899
brisc2025_test_00522_me_sa_t1.jpg,1,1,0.018045552,0.9739886,0.00018760374,0.007778265
brisc2025_test_00524_me_sa_t1.jpg,1,1,0.08772744,0.911035,0.00017656815,0.0010609588
brisc2025_test_00525_me_sa_t1.jpg,1,1,0.09780848,0.8975424,0.0029120976,0.0017371034
brisc2025_test_00526_me_sa_t1.jpg,1,1,0.23643558,0.7321518,8.6470856e-05,0.031326152
brisc2025_test_00527_me_sa_t1.jpg,1,1,0.22899765,0.7218802,0.00019133565,0.048930842
brisc2025_test_00528_me_sa_t1.jpg,1,1,0.10346758,0.8244052,0.00015024081,0.071977064
brisc2025_test_00529_me_sa_t1.jpg,1,1,0.07499171,0.9030858,5.860887e-05,0.021863896
brisc2025_test_00530_me_sa_t1.jpg,1,1,0.24038117,0.7583033,0.00028826267,0.0010273133
brisc2025_test_00531_me_sa_t1.jpg,1,1,0.07299613,0.92638737,4.2183492e-05,0.00057434605
brisc2025_test_00532_me_sa_t1.jpg,1,1,0.26407355,0.7084953,5.672193e-06,0.027425457
brisc2025_test_00533_me_sa_t1.jpg,1,0,0.51873076,0.4735033,3.769986e-05,0.0077282614
brisc2025_test_00534_me_sa_t1.jpg,1,1,0.013650134,0.9846372,2.1328477e-05,0.0016913376
brisc2025_test_00535_me_sa_t1.jpg,1,1,0.10971322,0.87879664,5.5926128e-05,0.011434282
brisc2025_test_00536_me_sa_t1.jpg,1,1,0.18708533,0.8067061,3.390705e-06,0.0062051993
brisc2025_test_00538_me_sa_t1.jpg,1,1,0.23202616,0.75774693,0.0015316196,0.008695304
brisc2025_test_00539_me_sa_t1.jpg,1,1,0.11313552,0.88094467,4.6820196e-06,0.005915107
brisc2025_test_00540_me_sa_t1.jpg,1,1,0.02048654,0.96493894,0.00010343085,0.0144711025
brisc2025_test_00541_me_sa_t1.jpg,1,1,0.050374545,0.94267625,2.0447513e-05,0.006928799
brisc2025_test_00542_me_sa_t1.jpg,1,1,0.014993323,0.9627089,0.0018644825,0.02043332
brisc2025_test_00543_me_sa_t1.jpg,1,1,0.21739978,0.7400421,0.013644276,0.028913863
brisc2025_test_00544_me_sa_t1.jpg,1,1,0.0262173,0.90956265,2.0301066e-05,0.06419975
brisc2025_test_00545_me_sa_t1.jpg,1,1,0.013256492,0.55393535,0.00060754543,0.4322006
brisc2025_test_00546_me_sa_t1.jpg,1,1,0.0071743894,0.99279445,1.5282061e-05,1.5795325e-05
brisc2025_test_00547_me_sa_t1.jpg,1,1,0.011991668,0.98800254,3.0692266e-07,5.458331e-06
brisc2025_test_00548_me_sa_t1.jpg,1,1,0.21814881,0.7816942,4.9635187e-06,0.00015209799
brisc2025_test_00549_me_sa_t1.jpg,1,1,0.16254134,0.8364277,6.665353e-05,0.0009642683
brisc2025_test_00550_me_sa_t1.jpg,1,1,0.06158527,0.873743,0.000103648075,0.064568125
brisc2025_test_00551_me_sa_t1.jpg,1,1,0.027673833,0.9697916,8.100013e-07,0.0025337795
brisc2025_test_00552_me_sa_t1.jpg,1,1,0.19121079,0.7226544,0.00012435947,0.086010404
brisc2025_test_00553_me_sa_t1.jpg,1,1,0.111128464,0.83194196,0.0016126576,0.055316847
brisc2025_test_00554_me_sa_t1.jpg,1,1,0.0027542077,0.9971675,2.7745322e-05,5.052965e-05
brisc2025_test_00555_me_sa_t1.jpg,1,1,0.33229092,0.6241836,4.3443746e-05,0.043482073
brisc2025_test_00556_me_sa_t1.jpg,1,3,0.029061448,0.4356704,0.002279039,0.53298914
brisc2025_test_00557_me_sa_t1.jpg,1,1,0.030507362,0.96810204,3.984344e-05,0.0013507842
brisc2025_test_00558_me_sa_t1.jpg,1,1,0.03550158,0.78808236,0.00016773745,0.17624836
brisc2025_test_00559_me_sa_t1.jpg,1,1,0.027957445,0.9718748,0.00012896667,3.8800557e-05
brisc2025_test_00561_no_ax_t1.jpg,2,2,0.006282554,0.03508348,0.9454023,0.013231592
brisc2025_test_00562_no_ax_t1.jpg,2,2,0.064928636,0.20851895,0.7200078,0.006544688
brisc2025_test_00563_no_ax_t1.jpg,2,2,0.00024073992,0.011884378,0.98117125,0.0067036524
brisc2025_test_00564_no_ax_t1.jpg,2,2,0.002255103,0.20067927,0.7673162,0.029749412
brisc2025_test_00565_no_ax_t1.jpg,2,2,0.0001507868,0.001801785,0.997531,0.00051640393
brisc2025_test_00566_no_ax_t1.jpg,2,2,0.0016572574,0.046232484,0.92579436,0.026315924
brisc2025_test_00567_no_ax_t1.jpg,2,2,0.00032718826,0.039382573,0.95047027,0.00982005
brisc2025_test_00568_no_ax_t1.jpg,2,2,0.00053835515,0.21805325,0.739103,0.042305414
brisc2025_test_00569_no_ax_t1.jpg,2,2,2.853319e-07,0.00030002638,0.9995345,0.00016529068
brisc2025_test_00570_no_ax_t1.jpg,2,2,2.2814766e-05,0.001465022,0.9972582,0.0012539928
brisc2025_test_00571_no_ax_t1.jpg,2,2,6.419043e-05,0.0009836283,0.9983606,0.00059160637
brisc2025_test_00572_no_ax_t1.jpg,2,2,0.00025837577,0.027545244,0.97105354,0.0011428822
brisc2025_test_00573_no_ax_t1.jpg,2,2,0.0025513829,0.05968521,0.9339789,0.0037845538
brisc2025_test_00574_no_ax_t1.jpg,2,2,8.300143e-05,0.0035506806,0.99523205,0.001134229
brisc2025_test_00575_no_ax_t1.jpg,2,2,1.6072903e-05,0.0022178586,0.9946965,0.0030696408
brisc2025_test_00577_no_ax_t1.jpg,2,2,0.0003680078,0.008206558,0.99100506,0.00042027852
brisc2025_test_00578_no_ax_t1.jpg,2,2,3.1078293e-05,0.0009976858,0.9989208,5.0535913e-05
brisc2025_test_00579_no_ax_t1.jpg,2,2,0.00010064116,0.0024757702,0.99697363,0.00044991387
brisc2025_test_00580_no_ax_t1.jpg,2,2,0.0013061455,0.005428388,0.992297,0.0009684866
brisc2025_test_00582_no_ax_t1.jpg,2,2,0.00013544677,0.00037025713,0.99948704,7.24978e-06
brisc2025_test_00583_no_ax_t1.jpg,2,2,4.142313e-05,0.0009975708,0.9989542,6.8415434e-06
brisc2025_test_00584_no_ax_t1.jpg,2,2,0.049390186,0.009131979,0.9412372,0.0002406533
brisc2025_test_00585_no_ax_t1.jpg,2,2,0.059093498,0.17425898,0.7580129,0.008634664
brisc2025_test_00587_no_ax_t1.jpg,2,2,0.0017614654,0.004834622,0.9932354,0.00016853852
brisc2025_test_00588_no_ax_t1.jpg,2,2,1.3492749e-05,6.507395e-05,0.99991786,3.5517096e-06
brisc2025_test_00589_no_ax_t1.jpg,2,2,0.15108708,0.1565975,0.68958986,0.0027256266
brisc2025_test_00590_no_ax_t1.jpg,2,2,0.0099367155,0.0421384,0.9401544,0.0077705146
brisc2025_test_00591_no_ax_t1.jpg,2,2,0.0067238603,0.020393388,0.9689047,0.0039781746
brisc2025_test_00592_no_ax_t1.jpg,2,2,0.020295002,0.1425301,0.833987,0.0031879332
brisc2025_test_00593_no_ax_t1.jpg,2,2,0.00038205655,0.008305403,0.9910734,0.00023915376
brisc2025_test_00594_no_ax_t1.jpg,2,2,0.0011370934,0.012101122,0.9820243,0.004737405
brisc2025_test_00595_no_ax_t1.jpg,2,2,0.00012835812,0.007793805,0.9912243,0.00085356383
brisc2025_test_00596_no_ax_t1.jpg,2,2,0.00010471671,0.002292873,0.997601,1.4074237e-06
brisc2025_test_00597_no_ax_t1.jpg,2,2,7.35811e-07,5.7398498e-05,0.9999418,3.4300445e-08
brisc2025_test_00598_no_ax_t1.jpg,2,2,8.8217945e-05,0.0014355598,0.9984647,1.1490169e-05
brisc2025_test_00599_no_ax_t1.jpg,2,2,1.4081946e-06,0.00019911182,0.99979943,9.735018e-08
brisc2025_test_00600_no_ax_t1.jpg,2,2,0.0008601321,0.0046602674,0.99437535,0.00010435493
brisc2025_test_00601_no_ax_t1.jpg,2,2,1.6349073e-05,0.0040302174,0.9946472,0.001306217
brisc2025_test_00602_no_ax_t1.jpg,2,2,0.00026623806,0.0051839277,0.9939667,0.0005831441
brisc2025_test_00603_no_ax_t1.jpg,2,2,0.0014935345,0.30851257,0.6899599,3.4016e-05
brisc2025_test_00604_no_ax_t1.jpg,2,2,0.002265494,0.00041368048,0.9972696,5.1279105e-05
brisc2025_test_00605_no_ax_t1.jpg,2,2,4.618789e-05,0.0012668058,0.99868184,5.160802e-06
brisc2025_test_00606_no_ax_t1.jpg,2,2,0.00013997016,0.013672066,0.97683436,0.009353712
brisc2025_test_00607_no_ax_t1.jpg,2,2,2.7620106e-06,0.00014372946,0.9998534,1.2305297e-07
brisc2025_test_00608_no_ax_t1.jpg,2,2,0.013058439,0.03184997,0.95175517,0.0033364757
brisc2025_test_00609_no_ax_t1.jpg,2,2,9.436114e-05,0.014283127,0.98535675,0.00026582944
brisc2025_test_00610_no_ax_t1.jpg,2,2,1.1789535e-05,0.00050570606,0.9994821,5.2607095e-07
brisc2025_test_00611_no_ax_t1.jpg,2,2,0.0001150428,0.007031476,0.99259394,0.00025948198
brisc2025_test_00612_no_ax_t1.jpg,2,2,0.0010862391,0.009079266,0.9895817,0.00025280914
brisc2025_test_00613_no_co_t1.jpg,2,2,0.001349579,0.012818874,0.9852601,0.00057145103
brisc2025_test_00614_no_co_t1.jpg,2,2,0.034247015,0.1347663,0.7844931,0.04649364
brisc2025_test_00615_no_co_t1.jpg,2,2,0.0018166123,0.004100969,0.9936825,0.00039994408
brisc2025_test_00616_no_co_t1.jpg,2,2,0.00022342037,0.0015120256,0.99823016,3.43394e-05
brisc2025_test_00617_no_co_t1.jpg,2,2,0.00032351937,0.0072661643,0.9902767,0.0021336037
brisc2025_test_00618_no_co_t1.jpg,2,2,0.004612335,0.007863341,0.9860249,0.0014994068
brisc2025_test_00619_no_co_t1.jpg,2,2,1.2384465e-05,0.0006400251,0.99917704,0.00017056326
brisc2025_test_00620_no_co_t1.jpg,2,2,4.2212916e-05,0.0020765415,0.9977424,0.0001387629
brisc2025_test_00621_no_co_t1.jpg,2,2,0.00031815414,0.0017069229,0.9972601,0.0007148876
brisc2025_test_00622_no_co_t1.jpg,2,2,0.00040991974,0.008250799,0.99095166,0.00038755185
brisc2025_test_00623_no_co_t1.jpg,2,2,8.9288815e-06,0.00024924296,0.99948454,0.00025729826
brisc2025_test_00624_no_co_t1.jpg,2,2,0.000108192384,0.0019655675,0.997727,0.00019922735
brisc2025_test_00625_no_co_t1.jpg,2,2,3.6485395e-05,0.0075443177,0.98332626,0.009092854
brisc2025_test_00626_no_co_t1.jpg,2,2,4.1508996e-05,0.00019459747,0.99757415,0.0021897855
brisc2025_test_00627_no_co_t1.jpg,2,2,2.0673448e-05,0.00065193616,0.9990246,0.00030274133
brisc2025_test_00628_no_co_t1.jpg,2,2,7.1514405e-06,0.00014596252,0.9997093,0.00013751391
brisc2025_test_00629_no_co_t1.jpg,2,2,2.5393374e-05,0.0005417171,0.9985267,0.00090625463
brisc2025_test_00630_no_co_t1.jpg,2,2,3.7132588e-05,0.0007540074,0.998679,0.0005299535
brisc2025_test_00631_no_co_t1.jpg,2,2,9.2966375e-06,0.00075923605,0.9991503,8.1204154e-05
brisc2025_test_00632_no_co_t1.jpg,2,2,1.07579945e-05,0.0007038924,0.99918765,9.764324e-05
brisc2025_test_00633_no_co_t1.jpg,2,2,1.6759292e-05,0.0012400494,0.99590516,0.0028380111
brisc2025_test_00634_no_co_t1.jpg,2,2,1.7882263e-05,0.0004338258,0.99900347,0.0005448088
brisc2025_test_00635_no_co_t1.jpg,2,2,0.00019340213,0.0042909617,0.98615813,0.009357428
brisc2025_test_00636_no_co_t1.jpg,2,2,1.82641e-07,0.00013408289,0.9998549,1.0822433e-05
brisc2025_test_00637_no_co_t1.jpg,2,2,0.00057016563,0.012508363,0.98425215,0.0026693386
brisc2025_test_00638_no_co_t1.jpg,2,2,0.00014396412,0.010391523,0.98635614,0.003108282
brisc2025_test_00639_no_co_t1.jpg,2,2,3.4274397e-06,0.0002249655,0.99976665,5.003979e-06
brisc2025_test_00640_no_co_t1.jpg,2,2,8.2987796e-08,9.109366e-05,0.99989784,1.09923685e-05
brisc2025_test_00641_no_co_t1.jpg,2,2,3.387296e-05,0.011384677,0.9858614,0.0027200729
brisc2025_test_00642_no_co_t1.jpg,2,2,3.7574992e-07,4.2498043e-05,0.9999485,8.53032e-06
brisc2025_test_00643_no_co_t1.jpg,2,2,1.718861e-07,1.6271877e-05,0.9999802,3.3683218e-06
brisc2025_test_00644_no_co_t1.jpg,2,2,2.8821188e-07,4.5611207e-05,0.99994504,9.025995e-06
brisc2025_test_00645_no_co_t1.jpg,2,2,5.025766e-06,0.0009804966,0.9977849,0.001229583
brisc2025_test_00646_no_co_t1.jpg,2,2,7.725442e-06,2.3105826e-05,0.9999683,8.339388e-07
brisc2025_test_00647_no_co_t1.jpg,2,2,2.038427e-06,7.272548e-05,0.9999231,2.1968106e-06
brisc2025_test_00648_no_co_t1.jpg,2,2,3.2293783e-06,2.775941e-05,0.9999676,1.3875747e-06
brisc2025_test_00649_no_co_t1.jpg,2,2,6.3358902e-06,0.00045925129,0.9994785,5.5882345e-05
brisc2025_test_00650_no_co_t1.jpg,2,2,6.3787948e-06,1.3966024e-05,0.99997866,9.156763e-07
brisc2025_test_00651_no_co_t1.jpg,2,2,1.8228283e-06,0.000101865306,0.9996902,0.00020611826
brisc2025_test_00652_no_co_t1.jpg,2,2,3.1285612e-08,1.771642e-06,0.9999981,1.0055661e-07
brisc2025_test_00654_no_co_t1.jpg,2,2,1.2530372e-06,2.9854747e-05,0.9999646,4.236012e-06
brisc2025_test_00655_no_co_t1.jpg,2,2,3.0262156e-06,7.976736e-06,0.99998844,5.684946e-07
brisc2025_test_00656_no_co_t1.jpg,2,2,0.013072012,0.032341454,0.9520835,0.0025030973
brisc2025_test_00657_no_co_t1.jpg,2,2,4.6036914e-07,1.6464386e-05,0.9999598,2.3297602e-05
brisc2025_test_00658_no_co_t1.jpg,2,2,0.044214964,0.048440356,0.90458935,0.002755339
brisc2025_test_00659_no_co_t1.jpg,2,2,0.00061138405,0.016403504,0.98274577,0.00023937324
brisc2025_test_00661_no_sa_t1.jpg,2,2,0.00017585716,0.00051557174,0.99753904,0.00176964
brisc2025_test_00662_no_sa_t1.jpg,2,2,0.0029067362,0.020379435,0.9742399,0.002473893
brisc2025_test_00663_no_sa_t1.jpg,2,2,3.4200834e-06,4.692166e-05,0.99994886,8.6351366e-07
brisc2025_test_00664_no_sa_t1.jpg,2,2,1.5666792e-05,8.47527e-05,0.99987555,2.4131012e-05
brisc2025_test_00665_no_sa_t1.jpg,2,2,2.193063e-05,0.00018509006,0.9997296,6.3400366e-05
brisc2025_test_00666_no_sa_t1.jpg,2,2,1.1153421e-06,7.390408e-06,0.9999914,1.0456144e-07
brisc2025_test_00667_no_sa_t1.jpg,2,2,3.798229e-05,0.00028299933,0.9996424,3.66136e-05
brisc2025_test_00668_no_sa_t1.jpg,2,2,6.245228e-07,1.26542e-05,0.9999845,2.2436159e-06
brisc2025_test_00669_no_sa_t1.jpg,2,2,4.957564e-06,4.687369e-05,0.9999273,2.0878297e-05
brisc2025_test_00670_no_sa_t1.jpg,2,2,0.00047967135,0.0041784383,0.9947286,0.0006132686
brisc2025_test_00671_no_sa_t1.jpg,2,2,9.859493e-05,0.003582534,0.99509627,0.0012225421
brisc2025_test_00672_no_sa_t1.jpg,2,2,1.9250523e-07,2.7429145e-05,0.9999713,1.0280157e-06
brisc2025_test_00673_no_sa_t1.jpg,2,2,1.3697325e-08,1.4559885e-06,0.99999857,5.754857e-08
brisc2025_test_00674_no_sa_t1.jpg,2,2,1.3970005e-05,0.00078983285,0.9991167,7.946501e-05
brisc2025_test_00676_no_sa_t1.jpg,2,2,0.00010817478,0.001758428,0.9965681,0.0015652669
brisc2025_test_00677_no_sa_t1.jpg,2,2,0.00065365,0.0013223586,0.9976687,0.00035520407
brisc2025_test_00678_no_sa_t1.jpg,2,2,1.5503732e-08,2.506098e-06,0.9999964,1.1246789e-06
brisc2025_test_00679_no_sa_t1.jpg,2,2,1.2004166e-05,0.0003186836,0.9989988,0.0006705239
brisc2025_test_00680_no_sa_t1.jpg,2,2,2.2656384e-06,7.075193e-05,0.9999064,2.0475394e-05
brisc2025_test_00681_no_sa_t1.jpg,2,2,1.0472711e-07,9.24526e-05,0.9999,7.4232685e-06
brisc2025_test_00682_no_sa_t1.jpg,2,2,0.0009266068,0.0026938603,0.9948472,0.0015324004
brisc2025_test_00683_no_sa_t1.jpg,2,2,6.274533e-06,2.5817848e-05,0.99995613,1.184215e-05
brisc2025_test_00684_no_sa_t1.jpg,2,2,4.464048e-06,0.0006496357,0.9993199,2.5961685e-05
brisc2025_test_00686_no_sa_t1.jpg,2,2,2.575282e-06,0.00019583362,0.9997893,1.2327964e-05
brisc2025_test_00687_no_sa_t1.jpg,2,2,2.4250323e-05,0.00012679181,0.9998286,2.0329433e-05
brisc2025_test_00688_no_sa_t1.jpg,2,2,2.805135e-07,1.1168074e-05,0.9999763,1.2322383e-05
brisc2025_test_00689_no_sa_t1.jpg,2,2,6.747793e-07,4.9290335e-05,0.9999478,2.2108204e-06
brisc2025_test_00691_no_sa_t1.jpg,2,2,3.3070988e-05,0.00061520276,0.99921477,0.00013699585
brisc2025_test_00692_no_sa_t1.jpg,2,2,5.938022e-07,5.079898e-05,0.9999466,2.0058133e-06
brisc2025_test_00693_no_sa_t1.jpg,2,2,2.493913e-06,6.035195e-05,0.9999366,5.423645e-07
brisc2025_test_00695_no_sa_t1.jpg,2,2,6.543737e-09,3.2916313e-07,0.99999964,5.6057583e-08
brisc2025_test_00696_no_sa_t1.jpg,2,2,4.121085e-07,3.9379625e-05,0.999948,1.2179872e-05
brisc2025_test_00698_no_sa_t1.jpg,2,2,1.0294193e-05,3.8325044e-05,0.9999484,2.944715e-06
brisc2025_test_00699_no_sa_t1.jpg,2,2,5.259969e-06,0.00017822905,0.9997812,3.5277695e-05
brisc2025_test_00700_no_sa_t1.jpg,2,2,6.7816504e-06,0.0001018922,0.9998673,2.3906723e-05
brisc2025_test_00701_pi_ax_t1.jpg,3,3,1.2616926e-05,0.004693984,6.2799054e-06,0.99528706
brisc2025_test_00703_pi_ax_t1.jpg,3,3,0.00011318037,0.0360163,2.7645729e-05,0.96384275
brisc2025_test_00704_pi_ax_t1.jpg,3,3,3.0217789e-05,0.00094190636,2.0290881e-05,0.99900764
brisc2025_test_00705_pi_ax_t1.jpg,3,3,0.0013225769,0.0014978307,0.00016768216,0.9970119
brisc2025_test_00707_pi_ax_t1.jpg,3,3,0.00015532838,0.025803475,3.502885e-05,0.9740061
brisc2025_test_00708_pi_ax_t1.jpg,3,3,0.0032751118,0.081926234,0.00029229838,0.9145064
brisc2025_test_00709_pi_ax_t1.jpg,3,3,0.0011568983,0.16224085,0.00016221631,0.83643997
brisc2025_test_00710_pi_ax_t1.jpg,3,3,5.951607e-05,0.014684344,5.409971e-06,0.9852507
brisc2025_test_00711_pi_ax_t1.jpg,3,3,1.0527816e-06,0.0011254847,3.7917025e-07,0.99887305
brisc2025_test_00712_pi_ax_t1.jpg,3,3,0.001465924,0.04094851,8.370408e-05,0.9575019
brisc2025_test_00715_pi_ax_t1.jpg,3,3,0.0239694,0.004079697,3.435546e-05,0.97191644
brisc2025_test_00716_pi_ax_t1.jpg,3,3,0.00059153803,0.011883206,1.0366327e-05,0.98751485
brisc2025_test_00717_pi_ax_t1.jpg,3,3,0.073875844,0.06594889,0.0004721702,0.8597031
brisc2025_test_00718_pi_ax_t1.jpg,3,1,0.0016915591,0.5148154,0.00010703142,0.48338604
brisc2025_test_00719_pi_ax_t1.jpg,3,3,1.1884284e-07,2.1159962e-05,3.0774848e-07,0.9999783
brisc2025_test_00721_pi_ax_t1.jpg,3,3,1.257585e-06,0.0013710014,3.2810507e-07,0.9986274
brisc2025_test_00722_pi_ax_t1.jpg,3,1,0.07639488,0.7788206,8.191171e-05,0.14470272
brisc2025_test_00723_pi_ax_t1.jpg,3,3,0.00041793863,0.010837128,2.9406228e-05,0.9887156
brisc2025_test_00724_pi_ax_t1.jpg,3,3,8.455029e-06,0.002465088,5.1731677e-05,0.99747473
brisc2025_test_00725_pi_ax_t1.jpg,3,3,0.0013586931,0.050449327,0.0007159837,0.947476
brisc2025_test_00726_pi_ax_t1.jpg,3,3,3.4894856e-06,0.0008507863,2.0203463e-07,0.9991455
brisc2025_test_00727_pi_ax_t1.jpg,3,3,3.0402202e-06,0.004184811,1.8336166e-07,0.99581194
brisc2025_test_00728_pi_ax_t1.jpg,3,3,1.6635571e-05,0.0005380265,4.0024239e-07,0.999445
brisc2025_test_00731_pi_ax_t1.jpg,3,3,0.00012844079,0.007130614,9.604696e-06,0.9927314
brisc2025_test_00732_pi_ax_t1.jpg,3,3,0.0020563204,0.0058341585,3.4859913e-05,0.9920746
brisc2025_test_00733_pi_ax_t1.jpg,3,3,4.958317e-05,0.0065694577,8.6501217e-07,0.99338007
brisc2025_test_00734_pi_ax_t1.jpg,3,3,4.4442193e-05,0.016854005,9.661384e-06,0.983092
brisc2025_test_00736_pi_ax_t1.jpg,3,3,0.00065929,0.09337969,0.00093122624,0.9050299
brisc2025_test_00738_pi_ax_t1.jpg,3,3,1.1786142e-05,0.0010409005,1.0088214e-05,0.9989372
brisc2025_test_00739_pi_ax_t1.jpg,3,3,3.9238957e-06,0.0032402924,5.6608574e-06,0.9967501
brisc2025_test_00740_pi_ax_t1.jpg,3,3,3.7026875e-05,0.006037463,4.421393e-05,0.99388134
brisc2025_test_00744_pi_ax_t1.jpg,3,3,0.0017575071,0.0101636425,0.00019210478,0.9878868
brisc2025_test_00745_pi_ax_t1.jpg,3,3,0.00027409202,0.0003488686,1.8197292e-06,0.9993753
brisc2025_test_00747_pi_ax_t1.jpg,3,3,1.1603527e-05,0.0023227073,8.799266e-06,0.9976568
brisc2025_test_00748_pi_ax_t1.jpg,3,3,5.6512986e-06,0.0013378614,3.2021977e-05,0.99862444
brisc2025_test_00749_pi_ax_t1.jpg,3,3,0.0003550168,0.024485767,5.6752164e-05,0.9751025
brisc2025_test_00750_pi_ax_t1.jpg,3,3,9.88847e-07,0.00025452537,1.2914916e-06,0.99974316
brisc2025_test_00753_pi_ax_t1.jpg,3,3,1.640979e-07,0.00072364043,6.793876e-07,0.9992755
brisc2025_test_00754_pi_ax_t1.jpg,3,3,1.1584536e-05,0.0002734888,1.4098782e-06,0.9997135
brisc2025_test_00755_pi_ax_t1.jpg,3,3,0.08926041,0.14945409,0.00032022496,0.7609653
brisc2025_test_00756_pi_ax_t1.jpg,3,3,4.621552e-06,0.0008287279,1.6488202e-05,0.99915016
brisc2025_test_00757_pi_ax_t1.jpg,3,3,0.00017806557,0.008732648,4.9235346e-06,0.99108434
brisc2025_test_00761_pi_ax_t1.jpg,3,3,0.00041829038,0.006473572,0.000120243916,0.99298793
brisc2025_test_00764_pi_ax_t1.jpg,3,3,6.198602e-07,7.560793e-05,2.2581519e-07,0.9999236
brisc2025_test_00766_pi_ax_t1.jpg,3,3,5.866156e-05,0.006383546,2.3815699e-05,0.99353397
brisc2025_test_00767_pi_ax_t1.jpg,3,3,0.0003694936,0.026454667,0.00020722956,0.9729686
brisc2025_test_00770_pi_ax_t1.jpg,3,3,0.00033737495,0.0143722305,9.656989e-05,0.9851938
brisc2025_test_00771_pi_ax_t1.jpg,3,3,1.2743738e-05,0.008106739,2.1289877e-06,0.9918784
brisc2025_test_00772_pi_ax_t1.jpg,3,3,0.00013857137,0.010763231,1.2556189e-05,0.98908573
brisc2025_test_00775_pi_ax_t1.jpg,3,3,4.666024e-05,0.0025775705,8.318415e-06,0.99736744
brisc2025_test_00776_pi_ax_t1.jpg,3,3,0.0011950555,0.3711619,0.00034461755,0.6272985
brisc2025_test_00777_pi_ax_t1.jpg,3,3,7.4580654e-05,0.004095186,0.0002396726,0.9955907
brisc2025_test_00779_pi_ax_t1.jpg,3,3,5.2090825e-05,0.0058644535,8.368688e-05,0.99399984
brisc2025_test_00780_pi_ax_t1.jpg,3,3,0.00014930707,0.0050786533,4.4685175e-06,0.99476755
brisc2025_test_00781_pi_ax_t1.jpg,3,3,0.0059003164,0.082095556,0.0012355964,0.9107685
brisc2025_test_00783_pi_ax_t1.jpg,3,3,0.00016557371,0.0030145883,0.00015247402,0.99666744
brisc2025_test_00784_pi_ax_t1.jpg,3,3,2.1757374e-05,0.0020498093,6.5291915e-06,0.9979219
brisc2025_test_00785_pi_ax_t1.jpg,3,3,0.00013770428,0.0040737754,8.408936e-06,0.9957801
brisc2025_test_00786_pi_ax_t1.jpg,3,3,0.022379454,0.21453919,0.001064,0.76201737
brisc2025_test_00787_pi_ax_t1.jpg,3,3,0.00024717167,0.031494807,2.2451119e-05,0.96823555
brisc2025_test_00788_pi_ax_t1.jpg,3,3,5.5428103e-07,0.00046555672,2.0137257e-07,0.99953365
brisc2025_test_00789_pi_ax_t1.jpg,3,3,0.00047605133,0.00041636135,4.9858812e-05,0.9990577
brisc2025_test_00793_pi_ax_t1.jpg,3,3,0.0003757181,0.057046417,0.0005463039,0.9420315
brisc2025_test_00794_pi_ax_t1.jpg,3,3,0.00063559203,0.017480306,0.0007313499,0.9811528
brisc2025_test_00795_pi_ax_t1.jpg,3,3,6.843282e-06,0.00022638832,2.060943e-06,0.99976474
brisc2025_test_00796_pi_ax_t1.jpg,3,3,6.839371e-05,0.06341363,2.871496e-05,0.9364892
brisc2025_test_00797_pi_ax_t1.jpg,3,3,0.09548603,0.23979409,0.0032083243,0.66151154
brisc2025_test_00798_pi_ax_t1.jpg,3,3,0.0014636256,0.36135706,0.00013409795,0.63704515
brisc2025_test_00799_pi_ax_t1.jpg,3,3,1.8387704e-05,0.0004902432,2.1012706e-06,0.9994892
brisc2025_test_00800_pi_ax_t1.jpg,3,3,1.0754814e-06,8.2463324e-05,1.9009146e-06,0.9999145
brisc2025_test_00801_pi_ax_t1.jpg,3,3,1.9911007e-05,0.0011166767,1.00971165e-05,0.9988533
brisc2025_test_00802_pi_ax_t1.jpg,3,3,5.3728345e-06,0.0032345473,3.5765377e-06,0.9967565
brisc2025_test_00804_pi_ax_t1.jpg,3,3,1.7820904e-06,0.0027153988,2.9036103e-06,0.9972799
brisc2025_test_00805_pi_ax_t1.jpg,3,1,0.13037464,0.56186247,0.0009462811,0.30681658
brisc2025_test_00806_pi_ax_t1.jpg,3,3,6.4701912e-06,0.0023892624,6.3753345e-07,0.9976037
brisc2025_test_00807_pi_ax_t1.jpg,3,3,1.06894395e-05,0.0065254937,2.2187047e-05,0.9934417
brisc2025_test_00809_pi_ax_t1.jpg,3,3,6.502264e-05,0.014478761,5.754254e-06,0.9854505
brisc2025_test_00810_pi_ax_t1.jpg,3,3,2.6652011e-05,0.0012194456,1.3323743e-06,0.9987526
brisc2025_test_00815_pi_ax_t1.jpg,3,3,7.965769e-07,0.0008106803,1.7652397e-06,0.9991867
brisc2025_test_00816_pi_ax_t1.jpg,3,3,0.00011879399,0.010160893,8.956534e-06,0.9897113
brisc2025_test_00817_pi_ax_t1.jpg,3,3,0.0030438849,0.0024203884,3.2061344e-05,0.99450374
brisc2025_test_00818_pi_ax_t1.jpg,3,3,8.977034e-05,0.0033327132,5.665023e-07,0.99657696
brisc2025_test_00819_pi_ax_t1.jpg,3,3,0.004452921,0.04178559,1.0464744e-05,0.95375097
brisc2025_test_00820_pi_ax_t1.jpg,3,3,0.01066759,0.019143756,0.00021329067,0.9699753
brisc2025_test_00822_pi_ax_t1.jpg,3,3,0.0017116545,0.033772722,0.0006666858,0.96384895
brisc2025_test_00823_pi_ax_t1.jpg,3,3,1.144384e-05,0.00029696498,1.16295205e-07,0.9996915
brisc2025_test_00824_pi_ax_t1.jpg,3,3,0.0011480544,0.035169598,1.8322715e-05,0.96366405
brisc2025_test_00826_pi_co_t1.jpg,3,1,0.00660227,0.60924476,0.00029390966,0.38385907
brisc2025_test_00828_pi_co_t1.jpg,3,3,0.000157965,0.009842021,6.1229555e-05,0.98993874
brisc2025_test_00829_pi_co_t1.jpg,3,3,1.515783e-05,0.00020377677,1.931751e-05,0.99976176
brisc2025_test_00830_pi_co_t1.jpg,3,3,0.0030053332,0.014902271,0.0001694334,0.98192304
brisc2025_test_00831_pi_co_t1.jpg,3,3,0.001215063,0.019321617,3.598695e-05,0.97942734
brisc2025_test_00833_pi_co_t1.jpg,3,3,0.006936721,0.17732257,0.0030532228,0.81268746
brisc2025_test_00835_pi_co_t1.jpg,3,3,3.1870528e-05,0.009553262,0.00063577446,0.9897792
brisc2025_test_00836_pi_co_t1.jpg,3,3,0.0015352558,0.34882995,0.0029016137,0.64673316
brisc2025_test_00837_pi_co_t1.jpg,3,3,4.1286025e-06,0.0011407936,8.441305e-07,0.9988543
brisc2025_test_00838_pi_co_t1.jpg,3,3,4.5334287e-05,0.0017596511,9.7869124e-05,0.9980971
brisc2025_test_00839_pi_co_t1.jpg,3,3,0.0007910918,0.030458381,0.027142555,0.94160795
brisc2025_test_00840_pi_co_t1.jpg,3,3,1.3803601e-06,0.0003123273,3.077388e-06,0.99968326
brisc2025_test_00842_pi_co_t1.jpg,3,3,0.00072180084,0.01669518,1.5604433e-05,0.9825675
brisc2025_test_00844_pi_co_t1.jpg,3,3,0.00015018885,0.0009295883,2.7383967e-05,0.99889284
brisc2025_test_00845_pi_co_t1.jpg,3,3,0.0084044235,0.38333735,0.00023169276,0.60802644
brisc2025_test_00846_pi_co_t1.jpg,3,3,0.002708294,0.0054498045,2.2499336e-05,0.9918194
brisc2025_test_00851_pi_co_t1.jpg,3,3,2.0488571e-06,0.00026160636,1.4203e-06,0.99973494
brisc2025_test_00853_pi_co_t1.jpg,3,3,0.0014129931,0.014164522,5.1506442e-05,0.984371
brisc2025_test_00854_pi_co_t1.jpg,3,3,1.554714e-05,0.0026684601,4.4973633e-05,0.997271
brisc2025_test_00857_pi_co_t1.jpg,3,3,1.6961309e-05,0.026585648,2.1081632e-05,0.9733762
brisc2025_test_00859_pi_co_t1.jpg,3,3,0.00015853829,0.007769574,0.00013390045,0.99193805
brisc2025_test_00860_pi_co_t1.jpg,3,3,0.000209121,0.004918909,0.00019024056,0.9946818
brisc2025_test_00861_pi_co_t1.jpg,3,3,1.2660107e-06,0.00103259,1.5747677e-06,0.99896455
brisc2025_test_00863_pi_co_t1.jpg,3,3,0.00029248817,0.0025496958,2.6609781e-05,0.9971311
brisc2025_test_00867_pi_co_t1.jpg,3,3,4.753673e-05,0.002639118,8.246081e-05,0.9972308
brisc2025_test_00868_pi_co_t1.jpg,3,3,6.0526604e-06,0.0019890629,3.6011932e-06,0.9980013
brisc2025_test_00869_pi_co_t1.jpg,3,3,1.9378296e-05,0.00041883774,1.3109197e-05,0.9995486
brisc2025_test_00872_pi_co_t1.jpg,3,3,0.00010161208,0.017822536,0.00038894356,0.98168683
brisc2025_test_00873_pi_co_t1.jpg,3,3,1.5130241e-06,0.00032391728,1.1585468e-06,0.99967337
brisc2025_test_00874_pi_co_t1.jpg,3,3,1.1485664e-06,0.0010228513,3.2107514e-06,0.9989728
brisc2025_test_00875_pi_co_t1.jpg,3,3,6.946629e-06,0.00021971777,6.586505e-07,0.9997726
brisc2025_test_00876_pi_co_t1.jpg,3,3,7.5638077e-06,0.00031334508,1.8783724e-06,0.9996772
brisc2025_test_00877_pi_co_t1.jpg,3,3,0.0010028393,0.0075198887,0.0008188394,0.9906584
brisc2025_test_00878_pi_co_t1.jpg,3,3,3.3320855e-05,0.009900345,0.00010440068,0.98996186
brisc2025_test_00879_pi_co_t1.jpg,3,3,1.5879801e-05,0.004270314,3.0268266e-05,0.99568355
brisc2025_test_00880_pi_co_t1.jpg,3,3,3.5948613e-06,0.00025654002,1.3502383e-06,0.9997385
brisc2025_test_00881_pi_co_t1.jpg,3,3,0.00082352245,0.0030467948,0.00014756877,0.99598205
brisc2025_test_00882_pi_co_t1.jpg,3,3,0.00016892745,0.0015091632,3.7405334e-05,0.9982845
brisc2025_test_00884_pi_co_t1.jpg,3,3,5.334106e-06,0.00038533108,2.8234648e-05,0.99958104
brisc2025_test_00886_pi_co_t1.jpg,3,3,2.5260788e-06,0.00013276523,4.590814e-06,0.99986005
brisc2025_test_00887_pi_co_t1.jpg,3,3,6.6068724e-06,0.0001218593,1.0338647e-05,0.9998611
brisc2025_test_00888_pi_co_t1.jpg,3,3,9.505948e-05,0.006510168,5.0652183e-05,0.99334407
brisc2025_test_00890_pi_co_t1.jpg,3,3,0.009972947,0.023878202,0.00015916789,0.96598965
brisc2025_test_00891_pi_co_t1.jpg,3,3,2.5640144e-05,0.006931731,3.7349368e-05,0.9930052
brisc2025_test_00892_pi_co_t1.jpg,3,3,0.0011607633,0.04028839,0.00439875,0.95415217
brisc2025_test_00893_pi_co_t1.jpg,3,3,0.00041229758,0.012956778,0.00028038144,0.9863505
brisc2025_test_00897_pi_co_t1.jpg,3,3,1.527619e-05,0.00036318752,5.684972e-06,0.9996158
brisc2025_test_00899_pi_co_t1.jpg,3,3,3.919209e-06,0.00078899617,1.5927941e-06,0.9992055
brisc2025_test_00900_pi_co_t1.jpg,3,3,0.013963221,0.0025331574,0.0007473471,0.98275626
brisc2025_test_00901_pi_co_t1.jpg,3,3,2.6038401e-06,0.000101563826,1.5302093e-06,0.99989426
brisc2025_test_00902_pi_co_t1.jpg,3,3,0.018874563,0.2204243,0.0016945329,0.7590066
brisc2025_test_00904_pi_co_t1.jpg,3,3,4.7718833e-05,0.003875607,4.4496724e-06,0.9960723
brisc2025_test_00905_pi_co_t1.jpg,3,3,6.4471087e-06,0.0014520363,1.4014847e-05,0.9985274
brisc2025_test_00907_pi_co_t1.jpg,3,3,7.8430676e-05,0.006070828,7.8563855e-05,0.9937722
brisc2025_test_00908_pi_co_t1.jpg,3,3,6.378073e-06,0.0031492019,3.7366817e-06,0.9968407
brisc2025_test_00910_pi_co_t1.jpg,3,3,0.00015344495,0.003027139,1.7234403e-06,0.9968176
brisc2025_test_00911_pi_co_t1.jpg,3,3,4.186188e-06,7.322691e-05,1.3829956e-05,0.9999088
brisc2025_test_00912_pi_co_t1.jpg,3,3,0.00084416236,0.023140159,0.0004855563,0.97553015
brisc2025_test_00913_pi_co_t1.jpg,3,3,8.256331e-06,0.00035843594,1.5292842e-05,0.99961805
brisc2025_test_00914_pi_co_t1.jpg,3,3,1.9814548e-05,0.004453565,5.4203625e-05,0.9954724
brisc2025_test_00917_pi_sa_t1.jpg,3,3,0.00075541146,0.0007552508,0.00018059165,0.9983088
brisc2025_test_00924_pi_sa_t1.jpg,3,3,1.2230167e-05,0.0007759106,1.0119575e-05,0.9992017
brisc2025_test_00925_pi_sa_t1.jpg,3,3,0.00021925094,0.002294099,0.00026437457,0.9972223
brisc2025_test_00926_pi_sa_t1.jpg,3,3,0.0004088295,0.0018614795,6.459844e-06,0.9977233
brisc2025_test_00930_pi_sa_t1.jpg,3,3,0.00010540904,0.0002608123,0.0002027177,0.9994311
brisc2025_test_00931_pi_sa_t1.jpg,3,3,4.033878e-05,0.000840706,2.6314088e-05,0.9990927
brisc2025_test_00933_pi_sa_t1.jpg,3,3,9.185013e-06,0.0008178741,0.00023459485,0.9989384
brisc2025_test_00937_pi_sa_t1.jpg,3,3,1.0880349e-05,0.001792958,1.481647e-06,0.99819475
brisc2025_test_00939_pi_sa_t1.jpg,3,3,0.00021025134,0.0061512226,7.707245e-06,0.9936308
brisc2025_test_00941_pi_sa_t1.jpg,3,3,0.004110418,0.0009286811,1.818011e-05,0.9949427
brisc2025_test_00943_pi_sa_t1.jpg,3,3,0.010180778,0.0016418787,0.0004603175,0.9877171
brisc2025_test_00944_pi_sa_t1.jpg,3,3,6.6684456e-06,0.00039493453,4.894946e-05,0.99954945
brisc2025_test_00945_pi_sa_t1.jpg,3,3,7.555008e-05,0.00094942807,4.316921e-06,0.99897075
brisc2025_test_00946_pi_sa_t1.jpg,3,3,6.906423e-05,0.00032908193,7.825632e-06,0.99959403
brisc2025_test_00951_pi_sa_t1.jpg,3,3,9.451712e-05,0.00021188131,2.3675726e-05,0.9996699
brisc2025_test_00954_pi_sa_t1.jpg,3,3,0.00019746076,0.0006270593,5.6761575e-05,0.9991186
brisc2025_test_00955_pi_sa_t1.jpg,3,3,0.00013552011,0.001456784,0.00017080628,0.9982369
brisc2025_test_00957_pi_sa_t1.jpg,3,3,0.015400276,0.020077117,0.0007482828,0.9637743
brisc2025_test_00958_pi_sa_t1.jpg,3,3,0.08536253,0.3532779,0.003506128,0.5578534
brisc2025_test_00959_pi_sa_t1.jpg,3,3,5.315535e-06,0.00012693173,3.5841957e-05,0.9998318
brisc2025_test_00961_pi_sa_t1.jpg,3,3,0.0005744685,0.0014916495,0.001241152,0.9966928
brisc2025_test_00962_pi_sa_t1.jpg,3,3,5.5673296e-05,0.0003613392,1.3878547e-05,0.9995691
brisc2025_test_00964_pi_sa_t1.jpg,3,3,9.1865055e-05,0.0005107904,2.7363685e-06,0.99939454
brisc2025_test_00967_pi_sa_t1.jpg,3,3,1.3938547e-06,0.0006975405,7.635021e-07,0.99930036
brisc2025_test_00968_pi_sa_t1.jpg,3,3,6.539947e-05,0.0010860866,1.6353915e-06,0.99884677
brisc2025_test_00969_pi_sa_t1.jpg,3,3,7.676478e-05,0.0011068728,8.8727336e-07,0.99881554
brisc2025_test_00970_pi_sa_t1.jpg,3,3,8.88739e-06,0.00095149764,3.919558e-05,0.9990005
brisc2025_test_00971_pi_sa_t1.jpg,3,3,0.0005627566,0.002896364,1.933902e-05,0.9965216
brisc2025_test_00972_pi_sa_t1.jpg,3,3,0.0025309164,0.008413233,0.00012269487,0.9889331
brisc2025_test_00974_pi_sa_t1.jpg,3,3,0.41802585,0.1520762,0.0003561976,0.42954183
brisc2025_test_00977_pi_sa_t1.jpg,3,3,0.00012842668,0.0016255606,2.668062e-05,0.9982193
brisc2025_test_00978_pi_sa_t1.jpg,3,3,0.00012784603,0.001247348,4.620241e-05,0.99857867
brisc2025_test_00979_pi_sa_t1.jpg,3,3,0.00025539548,0.004938182,2.7265238e-05,0.9947791
brisc2025_test_00981_pi_sa_t1.jpg,3,3,9.625436e-05,0.00019059019,7.0159927e-06,0.9997061
brisc2025_test_00982_pi_sa_t1.jpg,3,3,0.0010979499,0.003535592,8.600891e-05,0.99528044
brisc2025_test_00985_pi_sa_t1.jpg,3,3,0.00031004893,0.023171963,0.00015257977,0.9763654
brisc2025_test_00986_pi_sa_t1.jpg,3,3,8.651506e-05,0.0012694837,2.8558143e-05,0.9986154
brisc2025_test_00987_pi_sa_t1.jpg,3,3,0.0052347775,0.0018075145,0.0009020454,0.9920556
brisc2025_test_00988_pi_sa_t1.jpg,3,3,5.6280396e-06,0.0005754599,1.1885088e-05,0.99940705
brisc2025_test_00992_pi_sa_t1.jpg,3,3,0.0014534134,0.010586157,0.00014206865,0.98781836
brisc2025_test_00994_pi_sa_t1.jpg,3,3,0.00024320814,0.003218416,4.2419222e-05,0.996496
brisc2025_test_00995_pi_sa_t1.jpg,3,3,0.0011729475,0.0067625046,4.029879e-05,0.9920242
brisc2025_test_00996_pi_sa_t1.jpg,3,3,0.0044020214,0.16899446,7.750184e-05,0.826526
brisc2025_test_00997_pi_sa_t1.jpg,3,3,0.0071785976,0.033327993,0.0014917976,0.9580016
brisc2025_test_00998_pi_sa_t1.jpg,3,3,0.000582206,0.0045216233,4.2732896e-05,0.99485344
brisc2025_test_00999_pi_sa_t1.jpg,3,3,4.7137863e-05,0.00079799956,9.582865e-05,0.999059
