a,b,a_sha256,b_sha256,distance,exact_md5,cross_class,cross_split,decision,reviewer,note
test/meningioma/brisc2025_test_00255_me_ax_t1.jpg,train/meningioma/brisc2025_train_01261_me_ax_t1.jpg,39cabdc25d698ca1fbb4db79efa72184c0f92d854c553ee098d74ccbcfa38fef,560ac96dc3f7ab9c6b84af2cb3f6a4a7f510b75e865bafeaa95f705992846861,0,False,False,True,,,
test/meningioma/brisc2025_test_00273_me_ax_t1.jpg,train/meningioma/brisc2025_train_01266_me_ax_t1.jpg,49938c1a7f37ea232898c06615f57fef3e9a8a464c93a20206394a1aa2360e46,bdcb36433384ba17ee22c69a3e4f9149b20b69ecd85dd272a80dda704aff0aa8,0,False,False,True,,,
test/meningioma/brisc2025_test_00303_me_ax_t1.jpg,train/meningioma/brisc2025_train_01292_me_ax_t1.jpg,51052c8439701c2832aaa26111104f4f7e03c0c99641205ee29cea957bf44a35,deaee0ac0187be63718484cd3a6bdc76a6bbdfedc10ea56e36045feb624bb24d,0,False,False,True,,,
test/meningioma/brisc2025_test_00398_me_co_t1.jpg,train/meningioma/brisc2025_train_01656_me_co_t1.jpg,065838e8c921af9cd741387fc62a1caf696e46c11fe15ac6ef95982cc9b74dee,9c8572b3fb29d4a2467cdd2a8ef06efadb3430358234296b9e3e9fd6d8b31a0f,0,False,False,True,,,
test/meningioma/brisc2025_test_00487_me_sa_t1.jpg,train/meningioma/brisc2025_train_02010_me_sa_t1.jpg,a8a63f4a08ad17bdb54d156f983114a023a2fbd000ec12e313d4ce0b945cef47,0660f704ba18060c2ad636f7e77b8ba9b775ac3116699c1bdf97499be215da10,0,False,False,True,,,
train/pituitary/brisc2025_train_04838_pi_sa_t1.jpg,train/pituitary/brisc2025_train_04839_pi_sa_t1.jpg,b3702b83372ee6b6cf7b20eae6f27492db189f52a599be79233e6622f256006a,68643c08b53b71bc9c95e4aa6f7eae2056f310597883c2c53ce650a783c98d66,0,False,False,False,,,
test/glioma/brisc2025_test_00009_gl_ax_t1.jpg,train/glioma/brisc2025_train_00022_gl_ax_t1.jpg,ee07fcfa84fe2e1a6e4cffd174d4c33b72ce830c36839667ca952ca995073745,f6808485e27d10ed374a1cdc4f66309cda055097e3bf7bede9a1666604f5b03d,2,False,False,True,,,
test/pituitary/brisc2025_test_00706_pi_ax_t1.jpg,train/pituitary/brisc2025_train_03610_pi_ax_t1.jpg,5d7bda7d1708d7fa99d8803b3f7618526c8ab05cce97cc86b72d9a62a70a51a4,d60ecf5a2ea3fe4315dbf40a023dc838c66ae07266b3ab49be8beeb3733cd326,2,False,False,True,,,
train/glioma/brisc2025_train_00154_gl_ax_t1.jpg,train/glioma/brisc2025_train_00155_gl_ax_t1.jpg,3d9618b232c695e3023ff62ae1230ba287fd2fe3dea69453a43cb6a658193ff0,62f29d07607b6c8221bbf9fd17d5fec83aee75cb78862a81d0f5f2a046900a7d,2,False,False,False,,,
train/meningioma/brisc2025_train_01528_me_ax_t1.jpg,train/meningioma/brisc2025_train_01530_me_ax_t1.jpg,792e660cefd290766a5fb1fae8b58a6d088b489029bb241fb6c288350fc33f03,1afff851654da771049e9fb10212bc3b4c5f10c9df31182d8f8268d849f3153d,2,False,False,False,,,
train/pituitary/brisc2025_train_03862_pi_ax_t1.jpg,train/pituitary/brisc2025_train_03863_pi_ax_t1.jpg,9561a7e3dc25691c9b641ac2394ada7bad22442b24abca31123599c416040f84,ae9b5d9d602146ccb2bdd92a9ccb616f9bae77f36a90e719efad40454019337a,2,False,False,False,,,
train/pituitary/brisc2025_train_04977_pi_sa_t1.jpg,train/pituitary/brisc2025_train_04978_pi_sa_t1.jpg,bc0b13a33bc8479e7dd47949b94e9487a81caef38c12adf9ec8b9cab7ed30b54,1d8ea851e6e5b1a7b34197957dd23eba91f24bf5a70ba3d6e9c11d94e288314b,2,False,False,False,,,
test/glioma/brisc2025_test_00036_gl_ax_t1.jpg,train/glioma/brisc2025_train_00041_gl_ax_t1.jpg,ce9d2e567f3f432253f857c7546baebc7331feeff271b105fa52992a2bc6a0da,3306a930faabe607950226a55c6364e96562af7d407ae2d031cca687e91124c4,4,False,False,True,,,
test/pituitary/brisc2025_test_00885_pi_co_t1.jpg,train/pituitary/brisc2025_train_04387_pi_co_t1.jpg,396390b5853c76493988b91587ee90f12261759e79dd8db98661257d52efae95,496288b003f7863b7441767b1bc601c14f97639ae9821466a050e0f5caf87380,4,False,False,True,,,
train/glioma/brisc2025_train_00673_gl_co_t1.jpg,train/glioma/brisc2025_train_00674_gl_co_t1.jpg,f7023a245bf0285e63f5f89fb56c8167d105ee5a3b3f38d56d475955d4e2b323,648e3d7215a5e2fde7ec2c6e6259bc278ef099c224132f1e79299f6cf55e8054,4,False,False,False,,,
train/meningioma/brisc2025_train_02324_me_sa_t1.jpg,train/meningioma/brisc2025_train_02436_me_sa_t1.jpg,5645d1fc065c1af595184e5031bfd97cdff05204f3d43d88058e9913ff4c2c09,e75720626eb32746c07a41520f13d60ecdf0c487634e2dc20ad64b4853a49238,4,False,False,False,,,
train/pituitary/brisc2025_train_04329_pi_co_t1.jpg,train/pituitary/brisc2025_train_04330_pi_co_t1.jpg,4585128888c08733ded0da513a9a06d9036a305690498308dd3e808ccbe3d055,5eef214999a0e35bd7b1cced1d58271ae93dcd032b2ce52ee782b1bec9e5b3b5,4,False,False,False,,,
train/pituitary/brisc2025_train_04990_pi_sa_t1.jpg,train/pituitary/brisc2025_train_04991_pi_sa_t1.jpg,295fcf7aa80dace6f167c3ffedef80263f4302eb3f6ddbc7ecf4059adab3e2c3,36e1156c12ff749f0f48a3dec9fdd2f7a75c352ba3b9df40110ea20603c02252,4,False,False,False,,,
