,W3_CNN_scratch/LightGBM,W3_CNN_scratch/XGBoost,W3_CNN_scratch/RandomForest,W3_CNN_scratch/CatBoost,W6_ResNet50_ImageNet/LightGBM,W6_ResNet50_ImageNet/XGBoost,W6_ResNet50_ImageNet/RandomForest,W6_ResNet50_ImageNet/CatBoost,W7_VGG16_ImageNet/LightGBM,W7_VGG16_ImageNet/XGBoost,W7_VGG16_ImageNet/RandomForest,W7_VGG16_ImageNet/CatBoost,W8_EfficientNetB2_ImageNet/LightGBM,W8_EfficientNetB2_ImageNet/XGBoost,W8_EfficientNetB2_ImageNet/RandomForest,W8_EfficientNetB2_ImageNet/CatBoost,W9_ConvNeXtTiny_ImageNet/LightGBM,W9_ConvNeXtTiny_ImageNet/XGBoost,W9_ConvNeXtTiny_ImageNet/RandomForest,W9_ConvNeXtTiny_ImageNet/CatBoost,W10_RadImageNet_ResNet50/LightGBM,W10_RadImageNet_ResNet50/XGBoost,W10_RadImageNet_ResNet50/RandomForest,W10_RadImageNet_ResNet50/CatBoost
W3_CNN_scratch/LightGBM,1.0,0.9759454967584781,0.9241572677332185,0.9146864414305833,0.007703824134678358,-0.009421436936424155,0.016722661204624702,0.0013297743350142747,0.007784249852485923,0.021945880445188245,0.029511208031116863,-0.0142055284022625,-0.002644950049882729,0.03376378150237543,-0.0716606740166405,-0.014363464507791402,-0.05802039159227389,-0.05527752143480605,-0.06845280689256361,-0.07886679965104795,-0.09127575196413404,-0.10950684197517957,-0.11387584048938318,-0.11338202345461039
W3_CNN_scratch/XGBoost,0.9759454967584781,1.0,0.9299742454422046,0.9344400603899977,0.007249872625875819,-0.007280355259394286,0.020454545219759583,0.005656502768344302,0.0008028461612563911,0.016639242879229844,0.025550134649413338,-0.022315197873285914,-0.0022171790850953176,0.0394814525669283,-0.059405939616956054,-0.011116020141306686,-0.052554047437896365,-0.05013556660559237,-0.08009659259099502,-0.08522964940515497,-0.08118308946082084,-0.09492241694414541,-0.09806254638832171,-0.10125513521472668
W3_CNN_scratch/RandomForest,0.9241572677332185,0.9299742454422046,1.0,0.9539209094023167,-0.03266448136133553,-0.039549030850706796,-0.04414031569887249,-0.05604899585194495,-0.046674972644905784,-0.007969421219744897,-0.01494790383187202,-0.05968257122261753,0.02194284301064442,0.0655995811916245,-0.04371698761264028,0.02343702891581735,-0.036932477373787714,-0.008312726505844881,-0.0574507097720794,-0.05087869632924204,-0.13037582926319297,-0.1451904073298562,-0.1389356355101958,-0.1435206100696855
W3_CNN_scratch/CatBoost,0.9146864414305833,0.9344400603899977,0.9539209094023167,1.0,-0.028165020818204496,-0.03671684053109133,-0.015513833814020555,-0.03933088766994957,-0.06442916760257564,-0.03079868960694762,-0.016879987025699882,-0.07861722827986908,0.032275620540368526,0.06891329993293545,-0.06822645641200918,-0.005434498735749935,-0.06011170517724521,-0.04372168625590494,-0.06768157555005432,-0.08240975008231209,-0.08092623513854447,-0.09734129719319497,-0.0998434285023543,-0.10423461526032346
W6_ResNet50_ImageNet/LightGBM,0.007703824134678358,0.007249872625875819,-0.03266448136133553,-0.028165020818204496,1.0,0.9702940443149798,0.9538318034292907,0.9641708026447867,0.0380782831006179,-0.0007902106526236144,0.054975188964784455,0.014860511160886006,0.0074310991082139986,0.07414613734765742,0.04428858982156551,0.10107436082255918,0.011257981444343434,0.01299216913272601,-0.0568330004527472,-0.053683213082936665,0.2024104518864592,0.20553246088874047,0.17792560490561274,0.1912398384344242
W6_ResNet50_ImageNet/XGBoost,-0.009421436936424155,-0.007280355259394286,-0.039549030850706796,-0.03671684053109133,0.9702940443149798,1.0,0.9198420681322598,0.9376974145498286,0.040590943105149976,-0.012754910273488209,0.05230703580108191,0.017249839028427204,0.022459313113961116,0.08550305549817891,0.03819692062691009,0.12387373012339183,0.035643660275550326,0.020829152485937107,-0.036737939524383124,-0.0196325570380874,0.17799462288442378,0.18606027052259058,0.16746591236972455,0.17558433785167885
W6_ResNet50_ImageNet/RandomForest,0.016722661204624702,0.020454545219759583,-0.04414031569887249,-0.015513833814020555,0.9538318034292907,0.9198420681322598,1.0,0.97155019276912,0.02992283462308633,-0.010045365559317976,0.05112016859998278,-0.0021478336473688283,0.007414322361104658,0.06693850445593097,0.0464912424507917,0.100018270129484,0.01894533392086087,0.030402043678677403,-0.029813638379166695,-0.03367060359179585,0.2536637574781242,0.2597250801774529,0.2334900284550372,0.24630303034268863
W6_ResNet50_ImageNet/CatBoost,0.0013297743350142747,0.005656502768344302,-0.05604899585194495,-0.03933088766994957,0.9641708026447867,0.9376974145498286,0.97155019276912,1.0,0.06815001145389164,0.021150621290417074,0.0856889400728522,0.04592814193578218,-0.005070844753812297,0.050161776542358816,0.041421324184796354,0.08658137529464639,0.01899494188655197,0.027668423848013216,-0.03380732449957826,-0.03096793699418208,0.2199261176331833,0.2304221051160784,0.2018088378855223,0.21470446194154405
W7_VGG16_ImageNet/LightGBM,0.007784249852485923,0.0008028461612563911,-0.046674972644905784,-0.06442916760257564,0.0380782831006179,0.040590943105149976,0.02992283462308633,0.06815001145389164,1.0,0.9261084054131987,0.9292632350376335,0.9287526308919896,0.13351532333886512,0.15139564905071706,0.07444675260308446,0.02094204517864545,0.17588388327190643,0.11169496527604825,0.12654291079972352,0.14739764933661173,-0.08276743450768792,-0.1024310770060476,-0.07106207085758476,-0.07449928336063298
W7_VGG16_ImageNet/XGBoost,0.021945880445188245,0.016639242879229844,-0.007969421219744897,-0.03079868960694762,-0.0007902106526236144,-0.012754910273488209,-0.010045365559317976,0.021150621290417074,0.9261084054131987,1.0,0.8739270589555772,0.8621976688113289,0.1486098048733729,0.16990313215954037,0.06833881537972623,0.01201008383942571,0.15731329674081823,0.08913919789939002,0.143966402282407,0.14105187600445823,-0.036215551278062294,-0.04860345333540832,-0.017924739759071214,-0.0244539681682292
W7_VGG16_ImageNet/RandomForest,0.029511208031116863,0.025550134649413338,-0.01494790383187202,-0.016879987025699882,0.054975188964784455,0.05230703580108191,0.05112016859998278,0.0856889400728522,0.9292632350376335,0.8739270589555772,1.0,0.950090164464573,0.13730749841352724,0.15681437876545948,0.06706317049331353,0.017876033822951772,0.20093349533063656,0.14998369467866066,0.1613799132508554,0.1639031405942285,-0.1129467878009768,-0.12942683962084536,-0.11195512919216673,-0.11004829046274257
W7_VGG16_ImageNet/CatBoost,-0.0142055284022625,-0.022315197873285914,-0.05968257122261753,-0.07861722827986908,0.014860511160886006,0.017249839028427204,-0.0021478336473688283,0.04592814193578218,0.9287526308919896,0.8621976688113289,0.950090164464573,1.0,0.12535842268656233,0.1454674645113346,0.07617426811771774,0.027575981091325807,0.17483885282920333,0.12325146493588937,0.14740188996063108,0.15168292024334615,-0.12435409622633868,-0.14137052124177413,-0.11009353729514164,-0.11213341962064559
W8_EfficientNetB2_ImageNet/LightGBM,-0.002644950049882729,-0.0022171790850953176,0.02194284301064442,0.032275620540368526,0.0074310991082139986,0.022459313113961116,0.007414322361104658,-0.005070844753812297,0.13351532333886512,0.1486098048733729,0.13730749841352724,0.12535842268656233,1.0,0.9466958890313129,0.7690784654825124,0.802010849661234,0.04081924906212955,0.03453547625798177,-0.022495861813993958,-0.002746969757812322,-0.05715729931159067,-0.06664109368241385,-0.06065979092920857,-0.07246881542156594
W8_EfficientNetB2_ImageNet/XGBoost,0.03376378150237543,0.0394814525669283,0.0655995811916245,0.06891329993293545,0.07414613734765742,0.08550305549817891,0.06693850445593097,0.050161776542358816,0.15139564905071706,0.16990313215954037,0.15681437876545948,0.1454674645113346,0.9466958890313129,1.0,0.7036085423915033,0.781885185863395,0.009754031748964907,0.017468126336721214,-0.043727010969404186,-0.021889915257566943,0.008668575157374752,-0.005637351944936945,0.003443429816440396,-0.011940484208960198
W8_EfficientNetB2_ImageNet/RandomForest,-0.0716606740166405,-0.059405939616956054,-0.04371698761264028,-0.06822645641200918,0.04428858982156551,0.03819692062691009,0.0464912424507917,0.041421324184796354,0.07444675260308446,0.06833881537972623,0.06706317049331353,0.07617426811771774,0.7690784654825124,0.7036085423915033,1.0,0.8609858542391504,0.03219288412921281,0.0300868580463684,-0.07278106602655182,-0.021929975233201705,-0.05023870292895048,-0.06111636006971023,-0.059955814990787365,-0.05918382628827243
W8_EfficientNetB2_ImageNet/CatBoost,-0.014363464507791402,-0.011116020141306686,0.02343702891581735,-0.005434498735749935,0.10107436082255918,0.12387373012339183,0.100018270129484,0.08658137529464639,0.02094204517864545,0.01201008383942571,0.017876033822951772,0.027575981091325807,0.802010849661234,0.781885185863395,0.8609858542391504,1.0,-0.03456270170202471,-0.023170602190990087,-0.111263239205947,-0.08461811424794376,-0.008899520311661283,-0.014678995189955675,-0.00021979339253874874,-0.010762441799068146
W9_ConvNeXtTiny_ImageNet/LightGBM,-0.05802039159227389,-0.052554047437896365,-0.036932477373787714,-0.06011170517724521,0.011257981444343434,0.035643660275550326,0.01894533392086087,0.01899494188655197,0.17588388327190643,0.15731329674081823,0.20093349533063656,0.17483885282920333,0.04081924906212955,0.009754031748964907,0.03219288412921281,-0.03456270170202471,1.0,0.9110225500899078,0.7573778124004124,0.8107371862225929,-0.08886704486325166,-0.09938961401920883,-0.09969335076497134,-0.0885795384586508
W9_ConvNeXtTiny_ImageNet/XGBoost,-0.05527752143480605,-0.05013556660559237,-0.008312726505844881,-0.04372168625590494,0.01299216913272601,0.020829152485937107,0.030402043678677403,0.027668423848013216,0.11169496527604825,0.08913919789939002,0.14998369467866066,0.12325146493588937,0.03453547625798177,0.017468126336721214,0.0300868580463684,-0.023170602190990087,0.9110225500899078,1.0,0.745573071287029,0.7909899020679008,-0.09552118014497801,-0.10812165165999964,-0.10935161186785881,-0.09775160740131518
W9_ConvNeXtTiny_ImageNet/RandomForest,-0.06845280689256361,-0.08009659259099502,-0.0574507097720794,-0.06768157555005432,-0.0568330004527472,-0.036737939524383124,-0.029813638379166695,-0.03380732449957826,0.12654291079972352,0.143966402282407,0.1613799132508554,0.14740188996063108,-0.022495861813993958,-0.043727010969404186,-0.07278106602655182,-0.111263239205947,0.7573778124004124,0.745573071287029,1.0,0.8419540521487193,-0.1723034709595164,-0.17538770200372272,-0.1771782731515952,-0.17016202096745459
W9_ConvNeXtTiny_ImageNet/CatBoost,-0.07886679965104795,-0.08522964940515497,-0.05087869632924204,-0.08240975008231209,-0.053683213082936665,-0.0196325570380874,-0.03367060359179585,-0.03096793699418208,0.14739764933661173,0.14105187600445823,0.1639031405942285,0.15168292024334615,-0.002746969757812322,-0.021889915257566943,-0.021929975233201705,-0.08461811424794376,0.8107371862225929,0.7909899020679008,0.8419540521487193,1.0,-0.15911769555146985,-0.16527903533687022,-0.15216018479880863,-0.1435598106322495
W10_RadImageNet_ResNet50/LightGBM,-0.09127575196413404,-0.08118308946082084,-0.13037582926319297,-0.08092623513854447,0.2024104518864592,0.17799462288442378,0.2536637574781242,0.2199261176331833,-0.08276743450768792,-0.036215551278062294,-0.1129467878009768,-0.12435409622633868,-0.05715729931159067,0.008668575157374752,-0.05023870292895048,-0.008899520311661283,-0.08886704486325166,-0.09552118014497801,-0.1723034709595164,-0.15911769555146985,1.0,0.9847628688931125,0.9642408867679616,0.9765686913413361
W10_RadImageNet_ResNet50/XGBoost,-0.10950684197517957,-0.09492241694414541,-0.1451904073298562,-0.09734129719319497,0.20553246088874047,0.18606027052259058,0.2597250801774529,0.2304221051160784,-0.1024310770060476,-0.04860345333540832,-0.12942683962084536,-0.14137052124177413,-0.06664109368241385,-0.005637351944936945,-0.06111636006971023,-0.014678995189955675,-0.09938961401920883,-0.10812165165999964,-0.17538770200372272,-0.16527903533687022,0.9847628688931125,1.0,0.9744572000093524,0.9876326501595057
W10_RadImageNet_ResNet50/RandomForest,-0.11387584048938318,-0.09806254638832171,-0.1389356355101958,-0.0998434285023543,0.17792560490561274,0.16746591236972455,0.2334900284550372,0.2018088378855223,-0.07106207085758476,-0.017924739759071214,-0.11195512919216673,-0.11009353729514164,-0.06065979092920857,0.003443429816440396,-0.059955814990787365,-0.00021979339253874874,-0.09969335076497134,-0.10935161186785881,-0.1771782731515952,-0.15216018479880863,0.9642408867679616,0.9744572000093524,1.0,0.9839192398454351
W10_RadImageNet_ResNet50/CatBoost,-0.11338202345461039,-0.10125513521472668,-0.1435206100696855,-0.10423461526032346,0.1912398384344242,0.17558433785167885,0.24630303034268863,0.21470446194154405,-0.07449928336063298,-0.0244539681682292,-0.11004829046274257,-0.11213341962064559,-0.07246881542156594,-0.011940484208960198,-0.05918382628827243,-0.010762441799068146,-0.0885795384586508,-0.09775160740131518,-0.17016202096745459,-0.1435598106322495,0.9765686913413361,0.9876326501595057,0.9839192398454351,1.0
