arm,id,origin,protocol,seed,n,correct,accuracy,f1_macro,ci95_lo,ci95_hi,ci_method,bootstrap_resamples,auc_macro_ovr,bootstrap_seed,selected_stage,selection,best_validation_accuracy,training_seconds,tensorflow,pretrained_sha256,split_sha256,preprocessing,reused_from,evaluation_split_sha256
restored_guarded,imagenet_adapted_seed42,imagenet,adapted,42,678,669,98.67256637168141,98.73321669192036,97.6401179941003,99.41002949852508,class_stratified_bootstrap,1000,99.95371613560278,42,fine_tune,validation accuracy; best across both stages; ties prefer head,0.993127167224884,1855.782870054245,2.19.0,66c8b43daff3fcc15bc4f30e3d2a167e21a14d9c9598a5394e5516471f4af504,cb4152f673aab96bda2595bb650f0aef418584b56aecb126f6bb5ed2891c7ed6,keras_resnet50_caffe,,
restored_guarded,imagenet_adapted_seed43,imagenet,adapted,43,678,659,97.1976401179941,97.30983332021867,95.86651917404129,98.37758112094396,class_stratified_bootstrap,1000,99.78095944038323,42,fine_tune,validation accuracy; best across both stages; ties prefer head,0.9862542748451233,1353.0531845092773,2.19.0,66c8b43daff3fcc15bc4f30e3d2a167e21a14d9c9598a5394e5516471f4af504,cb4152f673aab96bda2595bb650f0aef418584b56aecb126f6bb5ed2891c7ed6,keras_resnet50_caffe,,
restored_guarded,imagenet_adapted_seed44,imagenet,adapted,44,678,666,98.23008849557522,98.28628259919142,97.1976401179941,99.11504424778761,class_stratified_bootstrap,1000,99.94734935783205,42,fine_tune,validation accuracy; best across both stages; ties prefer head,0.9896907210350037,1687.2296860218048,2.19.0,66c8b43daff3fcc15bc4f30e3d2a167e21a14d9c9598a5394e5516471f4af504,cb4152f673aab96bda2595bb650f0aef418584b56aecb126f6bb5ed2891c7ed6,keras_resnet50_caffe,,
exact_only,imagenet_adapted_seed42,imagenet,adapted,42,678,667,98.37758112094396,98.47507817204522,97.34513274336283,99.26253687315634,class_stratified_bootstrap,1000,99.84163217838685,42,fine_tune,validation accuracy; best across both stages; ties prefer head,0.9942726492881775,1948.2728033065796,2.19.0,66c8b43daff3fcc15bc4f30e3d2a167e21a14d9c9598a5394e5516471f4af504,07ce456dcc027b5250ec877a9cc35104815df070e37d1bc9a85486289b18cbc8,keras_resnet50_caffe,,
exact_only,imagenet_adapted_seed43,imagenet,adapted,43,678,669,98.67256637168141,98.71756683515768,97.6401179941003,99.41002949852508,class_stratified_bootstrap,1000,99.9384300469519,42,fine_tune,validation accuracy; best across both stages; ties prefer head,0.9885452389717102,1569.3445451259613,2.19.0,66c8b43daff3fcc15bc4f30e3d2a167e21a14d9c9598a5394e5516471f4af504,07ce456dcc027b5250ec877a9cc35104815df070e37d1bc9a85486289b18cbc8,keras_resnet50_caffe,,
exact_only,imagenet_adapted_seed44,imagenet,adapted,44,678,669,98.67256637168141,98.73713489428384,97.6401179941003,99.41002949852508,class_stratified_bootstrap,1000,99.94670807823945,42,fine_tune,validation accuracy; best across both stages; ties prefer head,0.9942726492881775,2058.6334896087646,2.19.0,66c8b43daff3fcc15bc4f30e3d2a167e21a14d9c9598a5394e5516471f4af504,07ce456dcc027b5250ec877a9cc35104815df070e37d1bc9a85486289b18cbc8,keras_resnet50_caffe,,
historical_guarded,imagenet_adapted_seed42,imagenet,adapted,42,678,666,98.23008849557522,98.26989993671359,97.1976401179941,99.11504424778761,class_stratified_bootstrap,1000,99.86503489770497,42,fine_tune,validation accuracy; best across both stages; ties prefer head,0.9896907210350037,1522.337341785431,2.19.0,66c8b43daff3fcc15bc4f30e3d2a167e21a14d9c9598a5394e5516471f4af504,c84add0150f6d8caefd33d8875238f194df158c78cf3a5a8a0501dc3b5cc6055,keras_resnet50_caffe,runs/resnet_comparison_20261006_235702/imagenet_adapted_seed42,2d32ce3c49c87c3be86b8677cdad0526638e4c1210916d90ffed93ae9914b8f6
historical_guarded,imagenet_adapted_seed43,imagenet,adapted,43,678,666,98.23008849557522,98.3336659998827,97.05014749262537,99.11504424778761,class_stratified_bootstrap,1000,99.91506758193765,42,fine_tune,validation accuracy; best across both stages; ties prefer head,0.9885452389717102,1605.5404300689697,2.19.0,66c8b43daff3fcc15bc4f30e3d2a167e21a14d9c9598a5394e5516471f4af504,c84add0150f6d8caefd33d8875238f194df158c78cf3a5a8a0501dc3b5cc6055,keras_resnet50_caffe,runs/resnet_comparison_20261006_235702/imagenet_adapted_seed43,2d32ce3c49c87c3be86b8677cdad0526638e4c1210916d90ffed93ae9914b8f6
historical_guarded,imagenet_adapted_seed44,imagenet,adapted,44,678,673,99.26253687315634,99.2715658011326,98.52507374631269,99.85250737463127,class_stratified_bootstrap,1000,99.95196340078051,42,fine_tune,validation accuracy; best across both stages; ties prefer head,0.9977090358734131,2009.1065757274628,2.19.0,66c8b43daff3fcc15bc4f30e3d2a167e21a14d9c9598a5394e5516471f4af504,c84add0150f6d8caefd33d8875238f194df158c78cf3a5a8a0501dc3b5cc6055,keras_resnet50_caffe,runs/resnet_comparison_20261006_235702/imagenet_adapted_seed44,2d32ce3c49c87c3be86b8677cdad0526638e4c1210916d90ffed93ae9914b8f6
