arm,role,label,n
restored_guarded,test,glioma,193
restored_guarded,test,meningioma,162
restored_guarded,test,no_tumor,130
restored_guarded,test,pituitary,193
restored_guarded,train,glioma,945
restored_guarded,train,meningioma,1094
restored_guarded,train,no_tumor,864
restored_guarded,train,pituitary,1214
restored_guarded,validation,glioma,202
restored_guarded,validation,meningioma,229
restored_guarded,validation,no_tumor,202
restored_guarded,validation,pituitary,240
exact_only,test,glioma,193
exact_only,test,meningioma,162
exact_only,test,no_tumor,130
exact_only,test,pituitary,193
exact_only,train,glioma,945
exact_only,train,meningioma,1083
exact_only,train,no_tumor,856
exact_only,train,pituitary,1205
exact_only,validation,glioma,202
exact_only,validation,meningioma,229
exact_only,validation,no_tumor,202
exact_only,validation,pituitary,240
historical_guarded,test,glioma,193
historical_guarded,test,meningioma,162
historical_guarded,test,no_tumor,130
historical_guarded,test,pituitary,193
historical_guarded,train,glioma,805
historical_guarded,train,meningioma,917
historical_guarded,train,no_tumor,808
historical_guarded,train,pituitary,960
historical_guarded,validation,glioma,202
historical_guarded,validation,meningioma,229
historical_guarded,validation,no_tumor,202
historical_guarded,validation,pituitary,240
