backbone,classifier,accuracy,precision,recall,f1,auc,ci95_lo,ci95_hi,train_time_s
W10_RadImageNet_ResNet50,LightGBM,82.01,82.26,82.62,82.31,95.41,78.91,84.66,4.97
W10_RadImageNet_ResNet50,XGBoost,81.42,81.88,82.21,81.79,95.26,78.61,84.22,19.51
W10_RadImageNet_ResNet50,RandomForest,80.24,80.67,81.06,80.64,95.14,76.99,83.19,1.61
W10_RadImageNet_ResNet50,GradientBoosting,79.79,80.35,80.73,80.31,94.96,76.69,82.6,37.72
W10_RadImageNet_ResNet50,SVM (RBF),79.5,79.84,80.37,79.95,94.53,76.54,82.45,1.75
W10_RadImageNet_ResNet50,CatBoost,79.35,79.9,80.31,79.77,94.88,76.11,82.45,7.68
W10_RadImageNet_ResNet50,MLP,78.32,78.95,79.34,78.74,94.32,75.22,81.27,3.46
W3_CNN_scratch,LightGBM,96.76,96.75,96.83,96.77,99.77,95.43,97.94,2.95
W3_CNN_scratch,SVM (RBF),96.61,96.58,96.67,96.61,99.65,95.28,97.94,0.37
W3_CNN_scratch,XGBoost,96.17,96.19,96.24,96.18,99.74,94.69,97.49,11.68
W3_CNN_scratch,MLP,96.02,96.15,96.03,96.04,99.72,94.4,97.49,1.14
W3_CNN_scratch,CatBoost,95.72,95.78,95.85,95.79,99.69,94.24,97.05,7.95
W3_CNN_scratch,GradientBoosting,95.72,95.72,95.85,95.76,99.7,94.25,97.2,43.73
W3_CNN_scratch,RandomForest,95.58,95.54,95.82,95.64,99.71,93.95,97.05,1.45
W6_ResNet50_ImageNet,SVM (RBF),97.49,97.5,97.67,97.57,99.84,96.31,98.53,0.17
W6_ResNet50_ImageNet,MLP,96.9,96.96,97.16,97.02,99.74,95.43,98.08,0.73
W6_ResNet50_ImageNet,LightGBM,96.46,96.49,96.74,96.57,99.73,94.99,97.79,2.16
W6_ResNet50_ImageNet,CatBoost,96.46,96.49,96.74,96.57,99.86,94.99,97.79,7.37
W6_ResNet50_ImageNet,XGBoost,96.31,96.36,96.61,96.43,99.8,94.84,97.64,6.0
W6_ResNet50_ImageNet,RandomForest,96.31,96.36,96.61,96.43,99.85,94.84,97.79,1.45
W6_ResNet50_ImageNet,GradientBoosting,96.31,96.36,96.55,96.41,99.76,94.84,97.79,37.16
W7_VGG16_ImageNet,LightGBM,98.67,98.65,98.74,98.69,99.83,97.64,99.41,3.28
W7_VGG16_ImageNet,RandomForest,98.53,98.46,98.58,98.52,99.91,97.49,99.41,1.43
W7_VGG16_ImageNet,CatBoost,98.53,98.46,98.58,98.52,99.89,97.49,99.41,8.9
W7_VGG16_ImageNet,XGBoost,98.38,98.33,98.43,98.37,99.8,97.35,99.26,6.7
W7_VGG16_ImageNet,GradientBoosting,98.38,98.39,98.43,98.41,99.91,97.35,99.26,42.39
W7_VGG16_ImageNet,MLP,98.38,98.31,98.45,98.38,99.88,97.34,99.26,1.64
W7_VGG16_ImageNet,SVM (RBF),97.94,97.83,98.06,97.94,99.79,96.76,98.97,0.4
W8_EfficientNetB2_ImageNet,SVM (RBF),94.84,95.05,95.09,94.99,99.31,93.22,96.46,0.7
W8_EfficientNetB2_ImageNet,MLP,93.95,94.18,94.27,94.13,99.26,92.18,95.58,3.21
W8_EfficientNetB2_ImageNet,LightGBM,93.95,94.07,94.24,94.1,99.37,92.04,95.58,5.05
W8_EfficientNetB2_ImageNet,XGBoost,93.51,93.74,93.79,93.7,99.35,91.59,95.28,19.85
W8_EfficientNetB2_ImageNet,CatBoost,93.36,93.57,93.67,93.57,99.18,91.45,94.99,12.99
W8_EfficientNetB2_ImageNet,GradientBoosting,92.92,93.21,93.27,93.11,99.24,91.0,94.69,82.49
W8_EfficientNetB2_ImageNet,RandomForest,91.89,92.18,92.35,92.11,99.13,89.68,93.81,1.64
W9_ConvNeXtTiny_ImageNet,SVM (RBF),96.46,96.53,96.7,96.55,99.64,94.99,97.79,0.3
W9_ConvNeXtTiny_ImageNet,CatBoost,96.31,96.37,96.61,96.43,99.69,94.84,97.64,12.49
W9_ConvNeXtTiny_ImageNet,XGBoost,96.17,96.16,96.43,96.25,99.59,94.69,97.49,10.4
W9_ConvNeXtTiny_ImageNet,MLP,96.17,96.28,96.46,96.32,99.71,94.69,97.49,1.61
W9_ConvNeXtTiny_ImageNet,RandomForest,96.17,96.24,96.48,96.29,99.71,94.54,97.49,1.72
W9_ConvNeXtTiny_ImageNet,LightGBM,95.87,95.95,96.17,96.0,99.69,94.25,97.2,4.2
W9_ConvNeXtTiny_ImageNet,GradientBoosting,95.72,95.84,96.02,95.88,99.47,94.1,97.05,84.0
